product_name,product_url,product_type,clean_ingreds,price,suitable_skin_types,notable_effects,image_url,rating
DERMDOCSPF 50 4% Niacinamide Ultra Violet Brightening Sunscreen (60 gm) | PA+++ | Sunblock I Sunscreen for Oily Skin I UV Protection I Shine Free Formula | 60g for the Price of 50g (20% EXTRA FREE!),https://www.purplle.com/product/dermdoc-4-percentage-niacinamide-with-spf-50-pa-brightening-sunscreen-50-gm-20-23-17-11-71,Sunscreen,"['""assets"":[{""tag"":""link""', '""key"":""/_build/assets/usesmartnavigation-bmroytop.js""', '""rel"":""modulepreload""}}', '{""tag"":""link""', '""attrs"":{""href"":""/_build/assets/components-5wf9qqjy.js""', '""key"":""/_build/assets/components-5wf9qqjy.js""', '""rel"":""modulepreload""}}', '{""tag"":""link""', '""attrs"":{""href"":""/_build/assets/pagenotfound-bbdwtpjw.js""', '""key"":""/_build/assets/pagenotfound-bbdwtpjw.js""', '""rel"":""modulepreload""}}', '{""tag"":""link""', '""attrs"":{""href"":""/_build/assets/_...404_-xmf9mhmb.js""', '""key"":""/_build/assets/_...404_-xmf9mhmb.js""', '""rel"":""modulepreload""}}]}', '""assets"":[{""tag"":""link""', '""key"":""/_build/assets/usesmartnavigation-bmroytop.js""', '""rel"":""modulepreload""}}', '{""tag"":""link""', '""attrs"":{""href"":""/_build/assets/index-7er4qylq.js""', '""key"":""/_build/assets/index-7er4qylq.js""', '""rel"":""modulepreload""}}', '{""tag"":""link""', '""attrs"":{""href"":""/_build/assets/clientonly-d1fjovkf.js""', '""key"":""/_build/assets/clientonly-d1fjovkf.js""', '""rel"":""modulepreload""}}', '{""tag"":""link""', '""key"":""/_build/assets/messages-constants-z6vejtfy.js""', '""rel"":""modulepreload""}}', '{""tag"":""link""', '""key"":""/_build/assets/productcomponentservice-bc4phihy.js""', '""rel"":""modulepreload""}}', '{""tag"":""link""', '""attrs"":{""href"":""/_build/assets/pincodeservice-cwg1eohy.js""', '""key"":""/_build/assets/pincodeservice-cwg1eohy.js""', '""rel"":""modulepreload""}}', '{""tag"":""link""', '""attrs"":{""href"":""/_build/assets/footercontext-db_dozxt.js""', '""key"":""/_build/assets/footercontext-db_dozxt.js""', '""rel"":""modulepreload""}}', '{""tag"":""link""', '""attrs"":{""href"":""/_build/assets/spinner-c3apypkz.js""', '""key"":""/_build/assets/spinner-c3apypkz.js""', '""rel"":""modulepreload""}}', '{""tag"":""link""', '""attrs"":{""href"":""/_build/assets/index-c97xlmg_.js""', '""key"":""/_build/assets/index-c97xlmg_.js""', '""rel"":""modulepreload""}}', '{""tag"":""link""', '""attrs"":{""href"":""/_build/assets/components-5wf9qqjy.js""', '""key"":""/_build/assets/components-5wf9qqjy.js""', '""rel"":""modulepreload""}}', '{""tag"":""link""', '""key"":""/_build/assets/productdetailspage-s-69bauu.js""', '""rel"":""modulepreload""}}', '{""tag"":""link""', '""attrs"":{""href"":""/_build/assets/_...rest_-b5owslnu.js""', '""key"":""/_build/assets/_...rest_-b5owslnu.js""', '""rel"":""modulepreload""}}]}', '""assets"":[{""tag"":""link""', '""key"":""/_build/assets/usesmartnavigation-bmroytop.js""', '""rel"":""modulepreload""}}', '{""tag"":""link""', '""attrs"":{""href"":""/_build/assets/index-7er4qylq.js""', '""key"":""/_build/assets/index-7er4qylq.js""', '""rel"":""modulepreload""}}', '{""tag"":""link""', '""attrs"":{""href"":""/_build/assets/clientonly-d1fjovkf.js""', '""key"":""/_build/assets/clientonly-d1fjovkf.js""', '""rel"":""modulepreload""}}', '{""tag"":""link""', '""key"":""/_build/assets/messages-constants-z6vejtfy.js""', '""rel"":""modulepreload""}}', '{""tag"":""link""', '""key"":""/_build/assets/productcomponentservice-bc4phihy.js""', '""rel"":""modulepreload""}}', '{""tag"":""link""', '""attrs"":{""href"":""/_build/assets/pincodeservice-cwg1eohy.js""', '""key"":""/_build/assets/pincodeservice-cwg1eohy.js""', '""rel"":""modulepreload""}}', '{""tag"":""link""', '""attrs"":{""href"":""/_build/assets/footercontext-db_dozxt.js""', '""key"":""/_build/assets/footercontext-db_dozxt.js""', '""rel"":""modulepreload""}}', '{""tag"":""link""', '""attrs"":{""href"":""/_build/assets/spinner-c3apypkz.js""', '""key"":""/_build/assets/spinner-c3apypkz.js""', '""rel"":""modulepreload""}}', '{""tag"":""link""', '""attrs"":{""href"":""/_build/assets/index-c97xlmg_.js""', '""key"":""/_build/assets/index-c97xlmg_.js""', '""rel"":""modulepreload""}}', '{""tag"":""link""', '""attrs"":{""href"":""/_build/assets/components-5wf9qqjy.js""', '""key"":""/_build/assets/components-5wf9qqjy.js""', '""rel"":""modulepreload""}}', '{""tag"":""link""', '""key"":""/_build/assets/productdetailspage-s-69bauu.js""', '""rel"":""modulepreload""}}', '{""tag"":""link""', '""attrs"":{""href"":""/_build/assets/index-b5owslnu.js""', '""key"":""/_build/assets/index-b5owslnu.js""', '""rel"":""modulepreload""}}]}', '""assets"":[{""tag"":""link""', '""key"":""/_build/assets/usesmartnavigation-bmroytop.js""', '""rel"":""modulepreload""}}', '{""tag"":""link""', '""attrs"":{""href"":""/_build/assets/index-7er4qylq.js""', '""key"":""/_build/assets/index-7er4qylq.js""', '""rel"":""modulepreload""}}', '{""tag"":""link""', '""key"":""/_build/assets/messages-constants-z6vejtfy.js""', '""rel"":""modulepreload""}}', '{""tag"":""link""', '""key"":""/_build/assets/productcomponentservice-bc4phihy.js""', '""rel"":""modulepreload""}}', '{""tag"":""link""', '""attrs"":{""href"":""/_build/assets/pincodeservice-cwg1eohy.js""', '""key"":""/_build/assets/pincodeservice-cwg1eohy.js""', '""rel"":""modulepreload""}}', '{""tag"":""link""', '""key"":""/_build/assets/productstickycard-14uarb1g.js""', '""rel"":""modulepreload""}}', '{""tag"":""link""', '""attrs"":{""href"":""/_build/assets/footercontext-db_dozxt.js""', '""key"":""/_build/assets/footercontext-db_dozxt.js""', '""rel"":""modulepreload""}}', '{""tag"":""link""', '""key"":""/_build/assets/customerhighlights-cupuw_gm.js""', '""rel"":""modulepreload""}}', '{""tag"":""link""', '""attrs"":{""href"":""/_build/assets/reviews-dlwnskh3.js""', '""key"":""/_build/assets/reviews-dlwnskh3.js""', '""rel"":""modulepreload""}}]}', '""assets"":[{""tag"":""link""', '""key"":""/_build/assets/usesmartnavigation-bmroytop.js""', '""rel"":""modulepreload""}}', '{""tag"":""link""', '""attrs"":{""href"":""/_build/assets/index-7er4qylq.js""', '""key"":""/_build/assets/index-7er4qylq.js""', '""rel"":""modulepreload""}}', '{""tag"":""link""', '""attrs"":{""href"":""/_build/assets/clientonly-d1fjovkf.js""', '""key"":""/_build/assets/clientonly-d1fjovkf.js""', '""rel"":""modulepreload""}}', '{""tag"":""link""', '""key"":""/_build/assets/messages-constants-z6vejtfy.js""', '""rel"":""modulepreload""}}', '{""tag"":""link""', '""key"":""/_build/assets/productcomponentservice-bc4phihy.js""', '""rel"":""modulepreload""}}', '{""tag"":""link""', '""attrs"":{""href"":""/_build/assets/buttonclose-cxfu_71i.js""', '""key"":""/_build/assets/buttonclose-cxfu_71i.js""', '""rel"":""modulepreload""}}', '{""tag"":""link""', '""attrs"":{""href"":""/_build/assets/writereview-dtoi_lzx.js""', '""key"":""/_build/assets/writereview-dtoi_lzx.js""', '""rel"":""modulepreload""}}]}', '""assets"":[{""tag"":""link""', '""attrs"":{""href"":""/_build/assets/client-dkyiygii.css""', '""key"":""/_build/assets/client-dkyiygii.css""', '""rel"":""stylesheet""', '""precendence"":""high""}}', '{""tag"":""link""', '""key"":""/_build/assets/usesmartnavigation-bmroytop.js""', '""rel"":""modulepreload""}}', '{""tag"":""link""', '""attrs"":{""href"":""/_build/assets/index-7er4qylq.js""', '""key"":""/_build/assets/index-7er4qylq.js""', '""rel"":""modulepreload""}}', '{""tag"":""link""', '""attrs"":{""href"":""/_build/assets/footercontext-db_dozxt.js""', '""key"":""/_build/assets/footercontext-db_dozxt.js""', '""rel"":""modulepreload""}}', '{""tag"":""link""', '""attrs"":{""href"":""/_build/assets/clientonly-d1fjovkf.js""', '""key"":""/_build/assets/clientonly-d1fjovkf.js""', '""rel"":""modulepreload""}}', '{""tag"":""link""', '""attrs"":{""href"":""/_build/assets/client-curg4vdo.js""', '""key"":""/_build/assets/client-curg4vdo.js""', '""rel"":""modulepreload""}}]}}']",NPR 571,['Oily'],"['Brightening', 'Sun Protection']","https://media6.ppl-media.com/tr:h-235,w-235,c-at_max,dpr-2,q-40/static/img/product/394876/dermdoc-4-percentage-niacinamide-with-spf-50-pa-brightening-sunscreen-50-gm-20-23-17-11-71_10_display_1770905594_86e6c8f7.jpg",4.3
"Good VibesCICA Brightening Glow Sunscreen SPF 50 PA++++|Cica Extract, 3% Niacinamide, & Hyaluronic Acid|Brightening Sunscreen|Lightweight Aqua Gel|Non-Greasy|No White Cast|Fragrance-Free|Suitable for All Skin Types|Suitable for Oily Skin - 50 gm",https://www.purplle.com/product/good-vibes-cica-brightening-glow-sunscreen-50-gm,Sunscreen,"['""assets"":[{""tag"":""link""', '""key"":""/_build/assets/usesmartnavigation-bmroytop.js""', '""rel"":""modulepreload""}}', '{""tag"":""link""', '""attrs"":{""href"":""/_build/assets/components-5wf9qqjy.js""', '""key"":""/_build/assets/components-5wf9qqjy.js""', '""rel"":""modulepreload""}}', '{""tag"":""link""', '""attrs"":{""href"":""/_build/assets/pagenotfound-bbdwtpjw.js""', '""key"":""/_build/assets/pagenotfound-bbdwtpjw.js""', '""rel"":""modulepreload""}}', '{""tag"":""link""', '""attrs"":{""href"":""/_build/assets/_...404_-xmf9mhmb.js""', '""key"":""/_build/assets/_...404_-xmf9mhmb.js""', '""rel"":""modulepreload""}}]}', '""assets"":[{""tag"":""link""', '""key"":""/_build/assets/usesmartnavigation-bmroytop.js""', '""rel"":""modulepreload""}}', '{""tag"":""link""', '""attrs"":{""href"":""/_build/assets/index-7er4qylq.js""', '""key"":""/_build/assets/index-7er4qylq.js""', '""rel"":""modulepreload""}}', '{""tag"":""link""', '""attrs"":{""href"":""/_build/assets/clientonly-d1fjovkf.js""', '""key"":""/_build/assets/clientonly-d1fjovkf.js""', '""rel"":""modulepreload""}}', '{""tag"":""link""', '""key"":""/_build/assets/messages-constants-z6vejtfy.js""', '""rel"":""modulepreload""}}', '{""tag"":""link""', '""key"":""/_build/assets/productcomponentservice-bc4phihy.js""', '""rel"":""modulepreload""}}', '{""tag"":""link""', '""attrs"":{""href"":""/_build/assets/pincodeservice-cwg1eohy.js""', '""key"":""/_build/assets/pincodeservice-cwg1eohy.js""', '""rel"":""modulepreload""}}', '{""tag"":""link""', '""attrs"":{""href"":""/_build/assets/footercontext-db_dozxt.js""', '""key"":""/_build/assets/footercontext-db_dozxt.js""', '""rel"":""modulepreload""}}', '{""tag"":""link""', '""attrs"":{""href"":""/_build/assets/spinner-c3apypkz.js""', '""key"":""/_build/assets/spinner-c3apypkz.js""', '""rel"":""modulepreload""}}', '{""tag"":""link""', '""attrs"":{""href"":""/_build/assets/index-c97xlmg_.js""', '""key"":""/_build/assets/index-c97xlmg_.js""', '""rel"":""modulepreload""}}', '{""tag"":""link""', '""attrs"":{""href"":""/_build/assets/components-5wf9qqjy.js""', '""key"":""/_build/assets/components-5wf9qqjy.js""', '""rel"":""modulepreload""}}', '{""tag"":""link""', '""key"":""/_build/assets/productdetailspage-s-69bauu.js""', '""rel"":""modulepreload""}}', '{""tag"":""link""', '""attrs"":{""href"":""/_build/assets/_...rest_-b5owslnu.js""', '""key"":""/_build/assets/_...rest_-b5owslnu.js""', '""rel"":""modulepreload""}}]}', '""assets"":[{""tag"":""link""', '""key"":""/_build/assets/usesmartnavigation-bmroytop.js""', '""rel"":""modulepreload""}}', '{""tag"":""link""', '""attrs"":{""href"":""/_build/assets/index-7er4qylq.js""', '""key"":""/_build/assets/index-7er4qylq.js""', '""rel"":""modulepreload""}}', '{""tag"":""link""', '""attrs"":{""href"":""/_build/assets/clientonly-d1fjovkf.js""', '""key"":""/_build/assets/clientonly-d1fjovkf.js""', '""rel"":""modulepreload""}}', '{""tag"":""link""', '""key"":""/_build/assets/messages-constants-z6vejtfy.js""', '""rel"":""modulepreload""}}', '{""tag"":""link""', '""key"":""/_build/assets/productcomponentservice-bc4phihy.js""', '""rel"":""modulepreload""}}', '{""tag"":""link""', '""attrs"":{""href"":""/_build/assets/pincodeservice-cwg1eohy.js""', '""key"":""/_build/assets/pincodeservice-cwg1eohy.js""', '""rel"":""modulepreload""}}', '{""tag"":""link""', '""attrs"":{""href"":""/_build/assets/footercontext-db_dozxt.js""', '""key"":""/_build/assets/footercontext-db_dozxt.js""', '""rel"":""modulepreload""}}', '{""tag"":""link""', '""attrs"":{""href"":""/_build/assets/spinner-c3apypkz.js""', '""key"":""/_build/assets/spinner-c3apypkz.js""', '""rel"":""modulepreload""}}', '{""tag"":""link""', '""attrs"":{""href"":""/_build/assets/index-c97xlmg_.js""', '""key"":""/_build/assets/index-c97xlmg_.js""', '""rel"":""modulepreload""}}', '{""tag"":""link""', '""attrs"":{""href"":""/_build/assets/components-5wf9qqjy.js""', '""key"":""/_build/assets/components-5wf9qqjy.js""', '""rel"":""modulepreload""}}', '{""tag"":""link""', '""key"":""/_build/assets/productdetailspage-s-69bauu.js""', '""rel"":""modulepreload""}}', '{""tag"":""link""', '""attrs"":{""href"":""/_build/assets/index-b5owslnu.js""', '""key"":""/_build/assets/index-b5owslnu.js""', '""rel"":""modulepreload""}}]}', '""assets"":[{""tag"":""link""', '""key"":""/_build/assets/usesmartnavigation-bmroytop.js""', '""rel"":""modulepreload""}}', '{""tag"":""link""', '""attrs"":{""href"":""/_build/assets/index-7er4qylq.js""', '""key"":""/_build/assets/index-7er4qylq.js""', '""rel"":""modulepreload""}}', '{""tag"":""link""', '""key"":""/_build/assets/messages-constants-z6vejtfy.js""', '""rel"":""modulepreload""}}', '{""tag"":""link""', '""key"":""/_build/assets/productcomponentservice-bc4phihy.js""', '""rel"":""modulepreload""}}', '{""tag"":""link""', '""attrs"":{""href"":""/_build/assets/pincodeservice-cwg1eohy.js""', '""key"":""/_build/assets/pincodeservice-cwg1eohy.js""', '""rel"":""modulepreload""}}', '{""tag"":""link""', '""key"":""/_build/assets/productstickycard-14uarb1g.js""', '""rel"":""modulepreload""}}', '{""tag"":""link""', '""attrs"":{""href"":""/_build/assets/footercontext-db_dozxt.js""', '""key"":""/_build/assets/footercontext-db_dozxt.js""', '""rel"":""modulepreload""}}', '{""tag"":""link""', '""key"":""/_build/assets/customerhighlights-cupuw_gm.js""', '""rel"":""modulepreload""}}', '{""tag"":""link""', '""attrs"":{""href"":""/_build/assets/reviews-dlwnskh3.js""', '""key"":""/_build/assets/reviews-dlwnskh3.js""', '""rel"":""modulepreload""}}]}', '""assets"":[{""tag"":""link""', '""key"":""/_build/assets/usesmartnavigation-bmroytop.js""', '""rel"":""modulepreload""}}', '{""tag"":""link""', '""attrs"":{""href"":""/_build/assets/index-7er4qylq.js""', '""key"":""/_build/assets/index-7er4qylq.js""', '""rel"":""modulepreload""}}', '{""tag"":""link""', '""attrs"":{""href"":""/_build/assets/clientonly-d1fjovkf.js""', '""key"":""/_build/assets/clientonly-d1fjovkf.js""', '""rel"":""modulepreload""}}', '{""tag"":""link""', '""key"":""/_build/assets/messages-constants-z6vejtfy.js""', '""rel"":""modulepreload""}}', '{""tag"":""link""', '""key"":""/_build/assets/productcomponentservice-bc4phihy.js""', '""rel"":""modulepreload""}}', '{""tag"":""link""', '""attrs"":{""href"":""/_build/assets/buttonclose-cxfu_71i.js""', '""key"":""/_build/assets/buttonclose-cxfu_71i.js""', '""rel"":""modulepreload""}}', '{""tag"":""link""', '""attrs"":{""href"":""/_build/assets/writereview-dtoi_lzx.js""', '""key"":""/_build/assets/writereview-dtoi_lzx.js""', '""rel"":""modulepreload""}}]}', '""assets"":[{""tag"":""link""', '""attrs"":{""href"":""/_build/assets/client-dkyiygii.css""', '""key"":""/_build/assets/client-dkyiygii.css""', '""rel"":""stylesheet""', '""precendence"":""high""}}', '{""tag"":""link""', '""key"":""/_build/assets/usesmartnavigation-bmroytop.js""', '""rel"":""modulepreload""}}', '{""tag"":""link""', '""attrs"":{""href"":""/_build/assets/index-7er4qylq.js""', '""key"":""/_build/assets/index-7er4qylq.js""', '""rel"":""modulepreload""}}', '{""tag"":""link""', '""attrs"":{""href"":""/_build/assets/footercontext-db_dozxt.js""', '""key"":""/_build/assets/footercontext-db_dozxt.js""', '""rel"":""modulepreload""}}', '{""tag"":""link""', '""attrs"":{""href"":""/_build/assets/clientonly-d1fjovkf.js""', '""key"":""/_build/assets/clientonly-d1fjovkf.js""', '""rel"":""modulepreload""}}', '{""tag"":""link""', '""attrs"":{""href"":""/_build/assets/client-curg4vdo.js""', '""key"":""/_build/assets/client-curg4vdo.js""', '""rel"":""modulepreload""}}]}}']",NPR 286,"['Oily', 'Normal']","['Brightening', 'Sun Protection']","https://media6.ppl-media.com/tr:h-235,w-235,c-at_max,dpr-2,q-40/static/img/product/393781/good-vibes-cica-brightening-glow-sunscreen-50-gm_9_display_1761748038_96a3461d.jpg",4.3
DeconstructGel Sunscreen SPF 55 PA++++| 100% Photostable| Lightweight| Non-Greasy |In-Vivo Tested 50 gm,https://www.purplle.com/product/deconstruct-lightweight-gel-sunscreen-spf-55-and-pa-50-gm,Sunscreen,[],NPR 531,['Normal'],"['Sun Protection', 'Brightening']","https://media6.ppl-media.com/tr:h-235,w-235,c-at_max,dpr-2,q-40/static/img/product/315131/deconstruct-lightweight-gel-sunscreen-spf-55-and-pa-50-gm_1_display_1772096223_eb987728.jpg",4.2
"Dot & KeyVitamin C + E Super Bright Sunscreen SPF 50+ PA++++, In-Vivo Tested Sunscreen for Even Toned & Glowing Skin | No White Cast, WaterLight 50 gm",https://www.purplle.com/product/dot-and-key-vitamin-c-e-super-bright-sunscreen-spf-50-pa-50-g-51,Sunscreen,"['""assets"":[{""tag"":""link""', '""key"":""/_build/assets/usesmartnavigation-bmroytop.js""', '""rel"":""modulepreload""}}', '{""tag"":""link""', '""attrs"":{""href"":""/_build/assets/components-5wf9qqjy.js""', '""key"":""/_build/assets/components-5wf9qqjy.js""', '""rel"":""modulepreload""}}', '{""tag"":""link""', '""attrs"":{""href"":""/_build/assets/pagenotfound-bbdwtpjw.js""', '""key"":""/_build/assets/pagenotfound-bbdwtpjw.js""', '""rel"":""modulepreload""}}', '{""tag"":""link""', '""attrs"":{""href"":""/_build/assets/_...404_-xmf9mhmb.js""', '""key"":""/_build/assets/_...404_-xmf9mhmb.js""', '""rel"":""modulepreload""}}]}', '""assets"":[{""tag"":""link""', '""key"":""/_build/assets/usesmartnavigation-bmroytop.js""', '""rel"":""modulepreload""}}', '{""tag"":""link""', '""attrs"":{""href"":""/_build/assets/index-7er4qylq.js""', '""key"":""/_build/assets/index-7er4qylq.js""', '""rel"":""modulepreload""}}', '{""tag"":""link""', '""attrs"":{""href"":""/_build/assets/clientonly-d1fjovkf.js""', '""key"":""/_build/assets/clientonly-d1fjovkf.js""', '""rel"":""modulepreload""}}', '{""tag"":""link""', '""key"":""/_build/assets/messages-constants-z6vejtfy.js""', '""rel"":""modulepreload""}}', '{""tag"":""link""', '""key"":""/_build/assets/productcomponentservice-bc4phihy.js""', '""rel"":""modulepreload""}}', '{""tag"":""link""', '""attrs"":{""href"":""/_build/assets/pincodeservice-cwg1eohy.js""', '""key"":""/_build/assets/pincodeservice-cwg1eohy.js""', '""rel"":""modulepreload""}}', '{""tag"":""link""', '""attrs"":{""href"":""/_build/assets/footercontext-db_dozxt.js""', '""key"":""/_build/assets/footercontext-db_dozxt.js""', '""rel"":""modulepreload""}}', '{""tag"":""link""', '""attrs"":{""href"":""/_build/assets/spinner-c3apypkz.js""', '""key"":""/_build/assets/spinner-c3apypkz.js""', '""rel"":""modulepreload""}}', '{""tag"":""link""', '""attrs"":{""href"":""/_build/assets/index-c97xlmg_.js""', '""key"":""/_build/assets/index-c97xlmg_.js""', '""rel"":""modulepreload""}}', '{""tag"":""link""', '""attrs"":{""href"":""/_build/assets/components-5wf9qqjy.js""', '""key"":""/_build/assets/components-5wf9qqjy.js""', '""rel"":""modulepreload""}}', '{""tag"":""link""', '""key"":""/_build/assets/productdetailspage-s-69bauu.js""', '""rel"":""modulepreload""}}', '{""tag"":""link""', '""attrs"":{""href"":""/_build/assets/_...rest_-b5owslnu.js""', '""key"":""/_build/assets/_...rest_-b5owslnu.js""', '""rel"":""modulepreload""}}]}', '""assets"":[{""tag"":""link""', '""key"":""/_build/assets/usesmartnavigation-bmroytop.js""', '""rel"":""modulepreload""}}', '{""tag"":""link""', '""attrs"":{""href"":""/_build/assets/index-7er4qylq.js""', '""key"":""/_build/assets/index-7er4qylq.js""', '""rel"":""modulepreload""}}', '{""tag"":""link""', '""attrs"":{""href"":""/_build/assets/clientonly-d1fjovkf.js""', '""key"":""/_build/assets/clientonly-d1fjovkf.js""', '""rel"":""modulepreload""}}', '{""tag"":""link""', '""key"":""/_build/assets/messages-constants-z6vejtfy.js""', '""rel"":""modulepreload""}}', '{""tag"":""link""', '""key"":""/_build/assets/productcomponentservice-bc4phihy.js""', '""rel"":""modulepreload""}}', '{""tag"":""link""', '""attrs"":{""href"":""/_build/assets/pincodeservice-cwg1eohy.js""', '""key"":""/_build/assets/pincodeservice-cwg1eohy.js""', '""rel"":""modulepreload""}}', '{""tag"":""link""', '""attrs"":{""href"":""/_build/assets/footercontext-db_dozxt.js""', '""key"":""/_build/assets/footercontext-db_dozxt.js""', '""rel"":""modulepreload""}}', '{""tag"":""link""', '""attrs"":{""href"":""/_build/assets/spinner-c3apypkz.js""', '""key"":""/_build/assets/spinner-c3apypkz.js""', '""rel"":""modulepreload""}}', '{""tag"":""link""', '""attrs"":{""href"":""/_build/assets/index-c97xlmg_.js""', '""key"":""/_build/assets/index-c97xlmg_.js""', '""rel"":""modulepreload""}}', '{""tag"":""link""', '""attrs"":{""href"":""/_build/assets/components-5wf9qqjy.js""', '""key"":""/_build/assets/components-5wf9qqjy.js""', '""rel"":""modulepreload""}}', '{""tag"":""link""', '""key"":""/_build/assets/productdetailspage-s-69bauu.js""', '""rel"":""modulepreload""}}', '{""tag"":""link""', '""attrs"":{""href"":""/_build/assets/index-b5owslnu.js""', '""key"":""/_build/assets/index-b5owslnu.js""', '""rel"":""modulepreload""}}]}', '""assets"":[{""tag"":""link""', '""key"":""/_build/assets/usesmartnavigation-bmroytop.js""', '""rel"":""modulepreload""}}', '{""tag"":""link""', '""attrs"":{""href"":""/_build/assets/index-7er4qylq.js""', '""key"":""/_build/assets/index-7er4qylq.js""', '""rel"":""modulepreload""}}', '{""tag"":""link""', '""key"":""/_build/assets/messages-constants-z6vejtfy.js""', '""rel"":""modulepreload""}}', '{""tag"":""link""', '""key"":""/_build/assets/productcomponentservice-bc4phihy.js""', '""rel"":""modulepreload""}}', '{""tag"":""link""', '""attrs"":{""href"":""/_build/assets/pincodeservice-cwg1eohy.js""', '""key"":""/_build/assets/pincodeservice-cwg1eohy.js""', '""rel"":""modulepreload""}}', '{""tag"":""link""', '""key"":""/_build/assets/productstickycard-14uarb1g.js""', '""rel"":""modulepreload""}}', '{""tag"":""link""', '""attrs"":{""href"":""/_build/assets/footercontext-db_dozxt.js""', '""key"":""/_build/assets/footercontext-db_dozxt.js""', '""rel"":""modulepreload""}}', '{""tag"":""link""', '""key"":""/_build/assets/customerhighlights-cupuw_gm.js""', '""rel"":""modulepreload""}}', '{""tag"":""link""', '""attrs"":{""href"":""/_build/assets/reviews-dlwnskh3.js""', '""key"":""/_build/assets/reviews-dlwnskh3.js""', '""rel"":""modulepreload""}}]}', '""assets"":[{""tag"":""link""', '""key"":""/_build/assets/usesmartnavigation-bmroytop.js""', '""rel"":""modulepreload""}}', '{""tag"":""link""', '""attrs"":{""href"":""/_build/assets/index-7er4qylq.js""', '""key"":""/_build/assets/index-7er4qylq.js""', '""rel"":""modulepreload""}}', '{""tag"":""link""', '""attrs"":{""href"":""/_build/assets/clientonly-d1fjovkf.js""', '""key"":""/_build/assets/clientonly-d1fjovkf.js""', '""rel"":""modulepreload""}}', '{""tag"":""link""', '""key"":""/_build/assets/messages-constants-z6vejtfy.js""', '""rel"":""modulepreload""}}', '{""tag"":""link""', '""key"":""/_build/assets/productcomponentservice-bc4phihy.js""', '""rel"":""modulepreload""}}', '{""tag"":""link""', '""attrs"":{""href"":""/_build/assets/buttonclose-cxfu_71i.js""', '""key"":""/_build/assets/buttonclose-cxfu_71i.js""', '""rel"":""modulepreload""}}', '{""tag"":""link""', '""attrs"":{""href"":""/_build/assets/writereview-dtoi_lzx.js""', '""key"":""/_build/assets/writereview-dtoi_lzx.js""', '""rel"":""modulepreload""}}]}', '""assets"":[{""tag"":""link""', '""attrs"":{""href"":""/_build/assets/client-dkyiygii.css""', '""key"":""/_build/assets/client-dkyiygii.css""', '""rel"":""stylesheet""', '""precendence"":""high""}}', '{""tag"":""link""', '""key"":""/_build/assets/usesmartnavigation-bmroytop.js""', '""rel"":""modulepreload""}}', '{""tag"":""link""', '""attrs"":{""href"":""/_build/assets/index-7er4qylq.js""', '""key"":""/_build/assets/index-7er4qylq.js""', '""rel"":""modulepreload""}}', '{""tag"":""link""', '""attrs"":{""href"":""/_build/assets/footercontext-db_dozxt.js""', '""key"":""/_build/assets/footercontext-db_dozxt.js""', '""rel"":""modulepreload""}}', '{""tag"":""link""', '""attrs"":{""href"":""/_build/assets/clientonly-d1fjovkf.js""', '""key"":""/_build/assets/clientonly-d1fjovkf.js""', '""rel"":""modulepreload""}}', '{""tag"":""link""', '""attrs"":{""href"":""/_build/assets/client-curg4vdo.js""', '""key"":""/_build/assets/client-curg4vdo.js""', '""rel"":""modulepreload""}}]}}']",NPR 619,['Normal'],"['Brightening', 'Sun Protection']","https://media6.ppl-media.com/tr:h-235,w-235,c-at_max,dpr-2,q-40/static/img/product/360686/dot-and-key-vitamin-c-e-super-bright-sunscreen-spf-50-pa-50-g-51_1_display_1771831957_5a44e137.jpg",4.3
"FoxtaleGlow Sunscreen with Vitamin C & Niacinamide SPF 50 PA++++, In-Vivo Tested, for Dewy Glow 50 ml",https://www.purplle.com/product/foxtale-essentials-brightening-spf-50-sunscreen-with-vitamin-c-and-niacinamide-uva-and-uvb-filters-no-white-cast-non-greasy-formula-anti-tan-formula-men-and-women-50-ml-14,Sunscreen,[],NPR 442,['Normal'],"['Brightening', 'Sun Protection']","https://media6.ppl-media.com/tr:h-235,w-235,c-at_max,dpr-2,q-40/static/img/product/378479/foxtale-essentials-brightening-spf-50-sunscreen-with-vitamin-c-and-niacinamide-uva-and-uvb-filters-no-white-cast-non-greasy-formula-anti-tan-formula-men-and-women-50-ml_1_display_1774520920_63f926dc.jpg",4.3
"Good VibesVitamin C SPF 50 PA++++ Sunscreen | Brightening & Hydrating | 3% Niacinamide + Hyaluronic Acid | No White Cast, Lightweight & Non-Sticky | Daily Glow Sun Protection For All Skin Types – 50 gm",https://www.purplle.com/product/good-vibes-vitamin-c-daily-brightening-glow-sunscreen-50-gm,Sunscreen,[],NPR 296,['Normal'],"['Hydrating', 'Brightening', 'Sun Protection']","https://media6.ppl-media.com/tr:h-235,w-235,c-at_max,dpr-2,q-40/static/img/product/404313/good-vibes-vitamin-c-daily-brightening-glow-sunscreen-50-gm_2_display_1763379723_b0262796.jpg",4.3
The Derma co.1% Hyaluronic Sunscreen Aqua Gel with SPF 50 & PA++++ - 30 gm,https://www.purplle.com/product/the-derma-co-1-percentage-hyaluronic-sunscreen-aqua-gel-with-spf-50-and-pa-30g,Sunscreen,[],NPR 445,['Normal'],"['Sun Protection', 'Brightening']","https://media6.ppl-media.com/tr:h-235,w-235,c-at_max,dpr-2,q-40/static/img/product/355942/the-derma-co-1-percentage-hyaluronic-sunscreen-aqua-gel-with-spf-50-and-pa-30g_1_display_1773122027_0782e0e8.jpg",4.3
"Dot & KeyWatermelon Cooling Sunscreen SPF 50+ PA++++, In-Vivo Tested Sunscreen for Oily Skin & Combination Skin - No White Cast, 50 gm",https://www.purplle.com/product/dot-and-key-watermelon-hyaluronic-cooling-sunscreen-spf-50-pa-for-moisturized-skin-no-white-cast-boosts-vitamin-d-absorption-and-quick-absorbing-50g-58,Sunscreen,"['""assets"":[{""tag"":""link""', '""key"":""/_build/assets/usesmartnavigation-bmroytop.js""', '""rel"":""modulepreload""}}', '{""tag"":""link""', '""attrs"":{""href"":""/_build/assets/components-5wf9qqjy.js""', '""key"":""/_build/assets/components-5wf9qqjy.js""', '""rel"":""modulepreload""}}', '{""tag"":""link""', '""attrs"":{""href"":""/_build/assets/pagenotfound-bbdwtpjw.js""', '""key"":""/_build/assets/pagenotfound-bbdwtpjw.js""', '""rel"":""modulepreload""}}', '{""tag"":""link""', '""attrs"":{""href"":""/_build/assets/_...404_-xmf9mhmb.js""', '""key"":""/_build/assets/_...404_-xmf9mhmb.js""', '""rel"":""modulepreload""}}]}', '""assets"":[{""tag"":""link""', '""key"":""/_build/assets/usesmartnavigation-bmroytop.js""', '""rel"":""modulepreload""}}', '{""tag"":""link""', '""attrs"":{""href"":""/_build/assets/index-7er4qylq.js""', '""key"":""/_build/assets/index-7er4qylq.js""', '""rel"":""modulepreload""}}', '{""tag"":""link""', '""attrs"":{""href"":""/_build/assets/clientonly-d1fjovkf.js""', '""key"":""/_build/assets/clientonly-d1fjovkf.js""', '""rel"":""modulepreload""}}', '{""tag"":""link""', '""key"":""/_build/assets/messages-constants-z6vejtfy.js""', '""rel"":""modulepreload""}}', '{""tag"":""link""', '""key"":""/_build/assets/productcomponentservice-bc4phihy.js""', '""rel"":""modulepreload""}}', '{""tag"":""link""', '""attrs"":{""href"":""/_build/assets/pincodeservice-cwg1eohy.js""', '""key"":""/_build/assets/pincodeservice-cwg1eohy.js""', '""rel"":""modulepreload""}}', '{""tag"":""link""', '""attrs"":{""href"":""/_build/assets/footercontext-db_dozxt.js""', '""key"":""/_build/assets/footercontext-db_dozxt.js""', '""rel"":""modulepreload""}}', '{""tag"":""link""', '""attrs"":{""href"":""/_build/assets/spinner-c3apypkz.js""', '""key"":""/_build/assets/spinner-c3apypkz.js""', '""rel"":""modulepreload""}}', '{""tag"":""link""', '""attrs"":{""href"":""/_build/assets/index-c97xlmg_.js""', '""key"":""/_build/assets/index-c97xlmg_.js""', '""rel"":""modulepreload""}}', '{""tag"":""link""', '""attrs"":{""href"":""/_build/assets/components-5wf9qqjy.js""', '""key"":""/_build/assets/components-5wf9qqjy.js""', '""rel"":""modulepreload""}}', '{""tag"":""link""', '""key"":""/_build/assets/productdetailspage-s-69bauu.js""', '""rel"":""modulepreload""}}', '{""tag"":""link""', '""attrs"":{""href"":""/_build/assets/_...rest_-b5owslnu.js""', '""key"":""/_build/assets/_...rest_-b5owslnu.js""', '""rel"":""modulepreload""}}]}', '""assets"":[{""tag"":""link""', '""key"":""/_build/assets/usesmartnavigation-bmroytop.js""', '""rel"":""modulepreload""}}', '{""tag"":""link""', '""attrs"":{""href"":""/_build/assets/index-7er4qylq.js""', '""key"":""/_build/assets/index-7er4qylq.js""', '""rel"":""modulepreload""}}', '{""tag"":""link""', '""attrs"":{""href"":""/_build/assets/clientonly-d1fjovkf.js""', '""key"":""/_build/assets/clientonly-d1fjovkf.js""', '""rel"":""modulepreload""}}', '{""tag"":""link""', '""key"":""/_build/assets/messages-constants-z6vejtfy.js""', '""rel"":""modulepreload""}}', '{""tag"":""link""', '""key"":""/_build/assets/productcomponentservice-bc4phihy.js""', '""rel"":""modulepreload""}}', '{""tag"":""link""', '""attrs"":{""href"":""/_build/assets/pincodeservice-cwg1eohy.js""', '""key"":""/_build/assets/pincodeservice-cwg1eohy.js""', '""rel"":""modulepreload""}}', '{""tag"":""link""', '""attrs"":{""href"":""/_build/assets/footercontext-db_dozxt.js""', '""key"":""/_build/assets/footercontext-db_dozxt.js""', '""rel"":""modulepreload""}}', '{""tag"":""link""', '""attrs"":{""href"":""/_build/assets/spinner-c3apypkz.js""', '""key"":""/_build/assets/spinner-c3apypkz.js""', '""rel"":""modulepreload""}}', '{""tag"":""link""', '""attrs"":{""href"":""/_build/assets/index-c97xlmg_.js""', '""key"":""/_build/assets/index-c97xlmg_.js""', '""rel"":""modulepreload""}}', '{""tag"":""link""', '""attrs"":{""href"":""/_build/assets/components-5wf9qqjy.js""', '""key"":""/_build/assets/components-5wf9qqjy.js""', '""rel"":""modulepreload""}}', '{""tag"":""link""', '""key"":""/_build/assets/productdetailspage-s-69bauu.js""', '""rel"":""modulepreload""}}', '{""tag"":""link""', '""attrs"":{""href"":""/_build/assets/index-b5owslnu.js""', '""key"":""/_build/assets/index-b5owslnu.js""', '""rel"":""modulepreload""}}]}', '""assets"":[{""tag"":""link""', '""key"":""/_build/assets/usesmartnavigation-bmroytop.js""', '""rel"":""modulepreload""}}', '{""tag"":""link""', '""attrs"":{""href"":""/_build/assets/index-7er4qylq.js""', '""key"":""/_build/assets/index-7er4qylq.js""', '""rel"":""modulepreload""}}', '{""tag"":""link""', '""key"":""/_build/assets/messages-constants-z6vejtfy.js""', '""rel"":""modulepreload""}}', '{""tag"":""link""', '""key"":""/_build/assets/productcomponentservice-bc4phihy.js""', '""rel"":""modulepreload""}}', '{""tag"":""link""', '""attrs"":{""href"":""/_build/assets/pincodeservice-cwg1eohy.js""', '""key"":""/_build/assets/pincodeservice-cwg1eohy.js""', '""rel"":""modulepreload""}}', '{""tag"":""link""', '""key"":""/_build/assets/productstickycard-14uarb1g.js""', '""rel"":""modulepreload""}}', '{""tag"":""link""', '""attrs"":{""href"":""/_build/assets/footercontext-db_dozxt.js""', '""key"":""/_build/assets/footercontext-db_dozxt.js""', '""rel"":""modulepreload""}}', '{""tag"":""link""', '""key"":""/_build/assets/customerhighlights-cupuw_gm.js""', '""rel"":""modulepreload""}}', '{""tag"":""link""', '""attrs"":{""href"":""/_build/assets/reviews-dlwnskh3.js""', '""key"":""/_build/assets/reviews-dlwnskh3.js""', '""rel"":""modulepreload""}}]}', '""assets"":[{""tag"":""link""', '""key"":""/_build/assets/usesmartnavigation-bmroytop.js""', '""rel"":""modulepreload""}}', '{""tag"":""link""', '""attrs"":{""href"":""/_build/assets/index-7er4qylq.js""', '""key"":""/_build/assets/index-7er4qylq.js""', '""rel"":""modulepreload""}}', '{""tag"":""link""', '""attrs"":{""href"":""/_build/assets/clientonly-d1fjovkf.js""', '""key"":""/_build/assets/clientonly-d1fjovkf.js""', '""rel"":""modulepreload""}}', '{""tag"":""link""', '""key"":""/_build/assets/messages-constants-z6vejtfy.js""', '""rel"":""modulepreload""}}', '{""tag"":""link""', '""key"":""/_build/assets/productcomponentservice-bc4phihy.js""', '""rel"":""modulepreload""}}', '{""tag"":""link""', '""attrs"":{""href"":""/_build/assets/buttonclose-cxfu_71i.js""', '""key"":""/_build/assets/buttonclose-cxfu_71i.js""', '""rel"":""modulepreload""}}', '{""tag"":""link""', '""attrs"":{""href"":""/_build/assets/writereview-dtoi_lzx.js""', '""key"":""/_build/assets/writereview-dtoi_lzx.js""', '""rel"":""modulepreload""}}]}', '""assets"":[{""tag"":""link""', '""attrs"":{""href"":""/_build/assets/client-dkyiygii.css""', '""key"":""/_build/assets/client-dkyiygii.css""', '""rel"":""stylesheet""', '""precendence"":""high""}}', '{""tag"":""link""', '""key"":""/_build/assets/usesmartnavigation-bmroytop.js""', '""rel"":""modulepreload""}}', '{""tag"":""link""', '""attrs"":{""href"":""/_build/assets/index-7er4qylq.js""', '""key"":""/_build/assets/index-7er4qylq.js""', '""rel"":""modulepreload""}}', '{""tag"":""link""', '""attrs"":{""href"":""/_build/assets/footercontext-db_dozxt.js""', '""key"":""/_build/assets/footercontext-db_dozxt.js""', '""rel"":""modulepreload""}}', '{""tag"":""link""', '""attrs"":{""href"":""/_build/assets/clientonly-d1fjovkf.js""', '""key"":""/_build/assets/clientonly-d1fjovkf.js""', '""rel"":""modulepreload""}}', '{""tag"":""link""', '""attrs"":{""href"":""/_build/assets/client-curg4vdo.js""', '""key"":""/_build/assets/client-curg4vdo.js""', '""rel"":""modulepreload""}}]}}']",NPR 619,"['Oily', 'Combination']","['Hydrating', 'Sun Protection', 'Brightening']","https://media6.ppl-media.com/tr:h-235,w-235,c-at_max,dpr-2,q-40/static/img/product/360924/dot-and-key-watermelon-hyaluronic-cooling-sunscreen-spf-50-pa-for-moisturized-skin-no-white-cast-boosts-vitamin-d-absorption-and-quick-absorbing-50g-58_1_display_1771832063_d647e24a.jpg",4.3
Dr. Sheth'sCeramide & Vitamin C Sunscreen SPF 50+ PA++++ |In-Vivo Tested | For Healthy & Bright Skin | Lightweight & Non Greasy | For UVA/UVB & Blue Light & IR Protection | No white cast | For All Skin Types | For Men & Women | 30 gm,https://www.purplle.com/product/dr-sheth-s-ceramide-and-vitamin-c-sunscreen-spf-50-pa-one-step-routine-for-healthy-and-bright-skin-non-sticky-no-white-cast-i-non-greasy-quick-absorbing-zero-white-cast-for-women-and-men-uva-uvb-sun-protection-30g,Sunscreen,[],NPR 445,['Normal'],"['Barrier Repair', 'Sun Protection', 'Brightening']","https://media6.ppl-media.com/tr:h-235,w-235,c-at_max,dpr-2,q-40/static/img/product/379556/dr-sheth-s-ceramide-and-vitamin-c-sunscreen-spf-50-pa-one-step-routine-for-healthy-and-bright-skin-non-sticky-no-white-cast-i-non-greasy-quick-absorbing-zero-white-cast-for-women-and-men-uva-uvb-sun-protection-30g_01_display_1763380861_e6a68ab5.jpg",4.3
"Dot & KeyStrawberry Dew Tinted Sunscreen SPF 50++++ 01 Porecelain In Vivo Tested Sunscreen for Daily Wear, Brightens & Protects Skin - 50 ml",https://www.purplle.com/product/dot-and-key-strawberry-dew-tinted-sunscreen-spf-50-01-porecelain-50ml-49,Sunscreen,[],NPR 782,['Normal'],"['Brightening', 'Sun Protection']","https://media6.ppl-media.com/tr:h-235,w-235,c-at_max,dpr-2,q-40/static/img/product/378959/dot-and-key-strawberry-dew-tinted-sunscreen-spf-50-01-porecelain-50ml-49_1_display_1772082114_6562cfe7.jpg",4.5
AqualogicaGlow+ Dewy Lightweight Sunscreen Gel SPF 50+ PA++++ with Papaya & Vitamin C 50 gm,https://www.purplle.com/product/aqualogica-glow-dewy-sunscreen-12,Sunscreen,"['""assets"":[{""tag"":""link""', '""key"":""/_build/assets/usesmartnavigation-bmroytop.js""', '""rel"":""modulepreload""}}', '{""tag"":""link""', '""attrs"":{""href"":""/_build/assets/components-5wf9qqjy.js""', '""key"":""/_build/assets/components-5wf9qqjy.js""', '""rel"":""modulepreload""}}', '{""tag"":""link""', '""attrs"":{""href"":""/_build/assets/pagenotfound-bbdwtpjw.js""', '""key"":""/_build/assets/pagenotfound-bbdwtpjw.js""', '""rel"":""modulepreload""}}', '{""tag"":""link""', '""attrs"":{""href"":""/_build/assets/_...404_-xmf9mhmb.js""', '""key"":""/_build/assets/_...404_-xmf9mhmb.js""', '""rel"":""modulepreload""}}]}', '""assets"":[{""tag"":""link""', '""key"":""/_build/assets/usesmartnavigation-bmroytop.js""', '""rel"":""modulepreload""}}', '{""tag"":""link""', '""attrs"":{""href"":""/_build/assets/index-7er4qylq.js""', '""key"":""/_build/assets/index-7er4qylq.js""', '""rel"":""modulepreload""}}', '{""tag"":""link""', '""attrs"":{""href"":""/_build/assets/clientonly-d1fjovkf.js""', '""key"":""/_build/assets/clientonly-d1fjovkf.js""', '""rel"":""modulepreload""}}', '{""tag"":""link""', '""key"":""/_build/assets/messages-constants-z6vejtfy.js""', '""rel"":""modulepreload""}}', '{""tag"":""link""', '""key"":""/_build/assets/productcomponentservice-bc4phihy.js""', '""rel"":""modulepreload""}}', '{""tag"":""link""', '""attrs"":{""href"":""/_build/assets/pincodeservice-cwg1eohy.js""', '""key"":""/_build/assets/pincodeservice-cwg1eohy.js""', '""rel"":""modulepreload""}}', '{""tag"":""link""', '""attrs"":{""href"":""/_build/assets/footercontext-db_dozxt.js""', '""key"":""/_build/assets/footercontext-db_dozxt.js""', '""rel"":""modulepreload""}}', '{""tag"":""link""', '""attrs"":{""href"":""/_build/assets/spinner-c3apypkz.js""', '""key"":""/_build/assets/spinner-c3apypkz.js""', '""rel"":""modulepreload""}}', '{""tag"":""link""', '""attrs"":{""href"":""/_build/assets/index-c97xlmg_.js""', '""key"":""/_build/assets/index-c97xlmg_.js""', '""rel"":""modulepreload""}}', '{""tag"":""link""', '""attrs"":{""href"":""/_build/assets/components-5wf9qqjy.js""', '""key"":""/_build/assets/components-5wf9qqjy.js""', '""rel"":""modulepreload""}}', '{""tag"":""link""', '""key"":""/_build/assets/productdetailspage-s-69bauu.js""', '""rel"":""modulepreload""}}', '{""tag"":""link""', '""attrs"":{""href"":""/_build/assets/_...rest_-b5owslnu.js""', '""key"":""/_build/assets/_...rest_-b5owslnu.js""', '""rel"":""modulepreload""}}]}', '""assets"":[{""tag"":""link""', '""key"":""/_build/assets/usesmartnavigation-bmroytop.js""', '""rel"":""modulepreload""}}', '{""tag"":""link""', '""attrs"":{""href"":""/_build/assets/index-7er4qylq.js""', '""key"":""/_build/assets/index-7er4qylq.js""', '""rel"":""modulepreload""}}', '{""tag"":""link""', '""attrs"":{""href"":""/_build/assets/clientonly-d1fjovkf.js""', '""key"":""/_build/assets/clientonly-d1fjovkf.js""', '""rel"":""modulepreload""}}', '{""tag"":""link""', '""key"":""/_build/assets/messages-constants-z6vejtfy.js""', '""rel"":""modulepreload""}}', '{""tag"":""link""', '""key"":""/_build/assets/productcomponentservice-bc4phihy.js""', '""rel"":""modulepreload""}}', '{""tag"":""link""', '""attrs"":{""href"":""/_build/assets/pincodeservice-cwg1eohy.js""', '""key"":""/_build/assets/pincodeservice-cwg1eohy.js""', '""rel"":""modulepreload""}}', '{""tag"":""link""', '""attrs"":{""href"":""/_build/assets/footercontext-db_dozxt.js""', '""key"":""/_build/assets/footercontext-db_dozxt.js""', '""rel"":""modulepreload""}}', '{""tag"":""link""', '""attrs"":{""href"":""/_build/assets/spinner-c3apypkz.js""', '""key"":""/_build/assets/spinner-c3apypkz.js""', '""rel"":""modulepreload""}}', '{""tag"":""link""', '""attrs"":{""href"":""/_build/assets/index-c97xlmg_.js""', '""key"":""/_build/assets/index-c97xlmg_.js""', '""rel"":""modulepreload""}}', '{""tag"":""link""', '""attrs"":{""href"":""/_build/assets/components-5wf9qqjy.js""', '""key"":""/_build/assets/components-5wf9qqjy.js""', '""rel"":""modulepreload""}}', '{""tag"":""link""', '""key"":""/_build/assets/productdetailspage-s-69bauu.js""', '""rel"":""modulepreload""}}', '{""tag"":""link""', '""attrs"":{""href"":""/_build/assets/index-b5owslnu.js""', '""key"":""/_build/assets/index-b5owslnu.js""', '""rel"":""modulepreload""}}]}', '""assets"":[{""tag"":""link""', '""key"":""/_build/assets/usesmartnavigation-bmroytop.js""', '""rel"":""modulepreload""}}', '{""tag"":""link""', '""attrs"":{""href"":""/_build/assets/index-7er4qylq.js""', '""key"":""/_build/assets/index-7er4qylq.js""', '""rel"":""modulepreload""}}', '{""tag"":""link""', '""key"":""/_build/assets/messages-constants-z6vejtfy.js""', '""rel"":""modulepreload""}}', '{""tag"":""link""', '""key"":""/_build/assets/productcomponentservice-bc4phihy.js""', '""rel"":""modulepreload""}}', '{""tag"":""link""', '""attrs"":{""href"":""/_build/assets/pincodeservice-cwg1eohy.js""', '""key"":""/_build/assets/pincodeservice-cwg1eohy.js""', '""rel"":""modulepreload""}}', '{""tag"":""link""', '""key"":""/_build/assets/productstickycard-14uarb1g.js""', '""rel"":""modulepreload""}}', '{""tag"":""link""', '""attrs"":{""href"":""/_build/assets/footercontext-db_dozxt.js""', '""key"":""/_build/assets/footercontext-db_dozxt.js""', '""rel"":""modulepreload""}}', '{""tag"":""link""', '""key"":""/_build/assets/customerhighlights-cupuw_gm.js""', '""rel"":""modulepreload""}}', '{""tag"":""link""', '""attrs"":{""href"":""/_build/assets/reviews-dlwnskh3.js""', '""key"":""/_build/assets/reviews-dlwnskh3.js""', '""rel"":""modulepreload""}}]}', '""assets"":[{""tag"":""link""', '""key"":""/_build/assets/usesmartnavigation-bmroytop.js""', '""rel"":""modulepreload""}}', '{""tag"":""link""', '""attrs"":{""href"":""/_build/assets/index-7er4qylq.js""', '""key"":""/_build/assets/index-7er4qylq.js""', '""rel"":""modulepreload""}}', '{""tag"":""link""', '""attrs"":{""href"":""/_build/assets/clientonly-d1fjovkf.js""', '""key"":""/_build/assets/clientonly-d1fjovkf.js""', '""rel"":""modulepreload""}}', '{""tag"":""link""', '""key"":""/_build/assets/messages-constants-z6vejtfy.js""', '""rel"":""modulepreload""}}', '{""tag"":""link""', '""key"":""/_build/assets/productcomponentservice-bc4phihy.js""', '""rel"":""modulepreload""}}', '{""tag"":""link""', '""attrs"":{""href"":""/_build/assets/buttonclose-cxfu_71i.js""', '""key"":""/_build/assets/buttonclose-cxfu_71i.js""', '""rel"":""modulepreload""}}', '{""tag"":""link""', '""attrs"":{""href"":""/_build/assets/writereview-dtoi_lzx.js""', '""key"":""/_build/assets/writereview-dtoi_lzx.js""', '""rel"":""modulepreload""}}]}', '""assets"":[{""tag"":""link""', '""attrs"":{""href"":""/_build/assets/client-dkyiygii.css""', '""key"":""/_build/assets/client-dkyiygii.css""', '""rel"":""stylesheet""', '""precendence"":""high""}}', '{""tag"":""link""', '""key"":""/_build/assets/usesmartnavigation-bmroytop.js""', '""rel"":""modulepreload""}}', '{""tag"":""link""', '""attrs"":{""href"":""/_build/assets/index-7er4qylq.js""', '""key"":""/_build/assets/index-7er4qylq.js""', '""rel"":""modulepreload""}}', '{""tag"":""link""', '""attrs"":{""href"":""/_build/assets/footercontext-db_dozxt.js""', '""key"":""/_build/assets/footercontext-db_dozxt.js""', '""rel"":""modulepreload""}}', '{""tag"":""link""', '""attrs"":{""href"":""/_build/assets/clientonly-d1fjovkf.js""', '""key"":""/_build/assets/clientonly-d1fjovkf.js""', '""rel"":""modulepreload""}}', '{""tag"":""link""', '""attrs"":{""href"":""/_build/assets/client-curg4vdo.js""', '""key"":""/_build/assets/client-curg4vdo.js""', '""rel"":""modulepreload""}}]}}']",NPR 608,['Normal'],"['Brightening', 'Sun Protection']","https://media6.ppl-media.com/tr:h-235,w-235,c-at_max,dpr-2,q-40/static/img/product/367252/aqualogica-glow-dewy-sunscreen-12_1_display_1774336183_9a5581a1.jpg",4.3
"Plum2% Niacinamide Sunscreen SPF 50 PA+++ With Rice Water | 4 Hrs Water Resistance | 3x Tan Reduction & Brightens | No White Cast, Lightweight, Non-Sticky | Dermatologically Tested | All Skin Types | Women & Men | 100% Vegan |80 gm - 80 gm",https://www.purplle.com/product/plum-2-percentage-niacinamide-sunscreen-spf-50-pa-with-rice-water-4-hrs-water-resistance-3x-tan-reduction-and-brightens-no-white-cast-lightweight-non-sticky-dermatologically-tested-all-skin-types-women-and-men-100-percentage-vegan-80-g,Sunscreen,[],NPR 814,['Normal'],"['Brightening', 'Sun Protection']","https://media6.ppl-media.com/tr:h-235,w-235,c-at_max,dpr-2,q-40/static/img/product/395798/plum-2-percentage-niacinamide-sunscreen-spf-50-pa-with-rice-water-4-hrs-water-resistance-3x-tan-reduction-and-brightens-no-white-cast-lightweight-non-sticky-dermatologically-tested-all-skin-types-women-and-men-100-percentage-vegan-80-g_1_display_1773729710_ba5f5b9e.jpg",4.2
WishCareNiacinamide Oil Balance Fluid Sunscreen SPF 50 PA++++|In-Vivo Tested|8hrs+ UVA/UVB Protection|Dermat Approved Light & Matte Sunscreen for Oily and Combination Skin|No White Cast|For Men & Women|50 gm,https://www.purplle.com/product/wishcare-niacinamide-oil-balance-sunscreen-spf-50-pa-light-and-matte-sunscreen-for-oily-skin,Sunscreen,"['""assets"":[{""tag"":""link""', '""key"":""/_build/assets/usesmartnavigation-bmroytop.js""', '""rel"":""modulepreload""}}', '{""tag"":""link""', '""attrs"":{""href"":""/_build/assets/components-5wf9qqjy.js""', '""key"":""/_build/assets/components-5wf9qqjy.js""', '""rel"":""modulepreload""}}', '{""tag"":""link""', '""attrs"":{""href"":""/_build/assets/pagenotfound-bbdwtpjw.js""', '""key"":""/_build/assets/pagenotfound-bbdwtpjw.js""', '""rel"":""modulepreload""}}', '{""tag"":""link""', '""attrs"":{""href"":""/_build/assets/_...404_-xmf9mhmb.js""', '""key"":""/_build/assets/_...404_-xmf9mhmb.js""', '""rel"":""modulepreload""}}]}', '""assets"":[{""tag"":""link""', '""key"":""/_build/assets/usesmartnavigation-bmroytop.js""', '""rel"":""modulepreload""}}', '{""tag"":""link""', '""attrs"":{""href"":""/_build/assets/index-7er4qylq.js""', '""key"":""/_build/assets/index-7er4qylq.js""', '""rel"":""modulepreload""}}', '{""tag"":""link""', '""attrs"":{""href"":""/_build/assets/clientonly-d1fjovkf.js""', '""key"":""/_build/assets/clientonly-d1fjovkf.js""', '""rel"":""modulepreload""}}', '{""tag"":""link""', '""key"":""/_build/assets/messages-constants-z6vejtfy.js""', '""rel"":""modulepreload""}}', '{""tag"":""link""', '""key"":""/_build/assets/productcomponentservice-bc4phihy.js""', '""rel"":""modulepreload""}}', '{""tag"":""link""', '""attrs"":{""href"":""/_build/assets/pincodeservice-cwg1eohy.js""', '""key"":""/_build/assets/pincodeservice-cwg1eohy.js""', '""rel"":""modulepreload""}}', '{""tag"":""link""', '""attrs"":{""href"":""/_build/assets/footercontext-db_dozxt.js""', '""key"":""/_build/assets/footercontext-db_dozxt.js""', '""rel"":""modulepreload""}}', '{""tag"":""link""', '""attrs"":{""href"":""/_build/assets/spinner-c3apypkz.js""', '""key"":""/_build/assets/spinner-c3apypkz.js""', '""rel"":""modulepreload""}}', '{""tag"":""link""', '""attrs"":{""href"":""/_build/assets/index-c97xlmg_.js""', '""key"":""/_build/assets/index-c97xlmg_.js""', '""rel"":""modulepreload""}}', '{""tag"":""link""', '""attrs"":{""href"":""/_build/assets/components-5wf9qqjy.js""', '""key"":""/_build/assets/components-5wf9qqjy.js""', '""rel"":""modulepreload""}}', '{""tag"":""link""', '""key"":""/_build/assets/productdetailspage-s-69bauu.js""', '""rel"":""modulepreload""}}', '{""tag"":""link""', '""attrs"":{""href"":""/_build/assets/_...rest_-b5owslnu.js""', '""key"":""/_build/assets/_...rest_-b5owslnu.js""', '""rel"":""modulepreload""}}]}', '""assets"":[{""tag"":""link""', '""key"":""/_build/assets/usesmartnavigation-bmroytop.js""', '""rel"":""modulepreload""}}', '{""tag"":""link""', '""attrs"":{""href"":""/_build/assets/index-7er4qylq.js""', '""key"":""/_build/assets/index-7er4qylq.js""', '""rel"":""modulepreload""}}', '{""tag"":""link""', '""attrs"":{""href"":""/_build/assets/clientonly-d1fjovkf.js""', '""key"":""/_build/assets/clientonly-d1fjovkf.js""', '""rel"":""modulepreload""}}', '{""tag"":""link""', '""key"":""/_build/assets/messages-constants-z6vejtfy.js""', '""rel"":""modulepreload""}}', '{""tag"":""link""', '""key"":""/_build/assets/productcomponentservice-bc4phihy.js""', '""rel"":""modulepreload""}}', '{""tag"":""link""', '""attrs"":{""href"":""/_build/assets/pincodeservice-cwg1eohy.js""', '""key"":""/_build/assets/pincodeservice-cwg1eohy.js""', '""rel"":""modulepreload""}}', '{""tag"":""link""', '""attrs"":{""href"":""/_build/assets/footercontext-db_dozxt.js""', '""key"":""/_build/assets/footercontext-db_dozxt.js""', '""rel"":""modulepreload""}}', '{""tag"":""link""', '""attrs"":{""href"":""/_build/assets/spinner-c3apypkz.js""', '""key"":""/_build/assets/spinner-c3apypkz.js""', '""rel"":""modulepreload""}}', '{""tag"":""link""', '""attrs"":{""href"":""/_build/assets/index-c97xlmg_.js""', '""key"":""/_build/assets/index-c97xlmg_.js""', '""rel"":""modulepreload""}}', '{""tag"":""link""', '""attrs"":{""href"":""/_build/assets/components-5wf9qqjy.js""', '""key"":""/_build/assets/components-5wf9qqjy.js""', '""rel"":""modulepreload""}}', '{""tag"":""link""', '""key"":""/_build/assets/productdetailspage-s-69bauu.js""', '""rel"":""modulepreload""}}', '{""tag"":""link""', '""attrs"":{""href"":""/_build/assets/index-b5owslnu.js""', '""key"":""/_build/assets/index-b5owslnu.js""', '""rel"":""modulepreload""}}]}', '""assets"":[{""tag"":""link""', '""key"":""/_build/assets/usesmartnavigation-bmroytop.js""', '""rel"":""modulepreload""}}', '{""tag"":""link""', '""attrs"":{""href"":""/_build/assets/index-7er4qylq.js""', '""key"":""/_build/assets/index-7er4qylq.js""', '""rel"":""modulepreload""}}', '{""tag"":""link""', '""key"":""/_build/assets/messages-constants-z6vejtfy.js""', '""rel"":""modulepreload""}}', '{""tag"":""link""', '""key"":""/_build/assets/productcomponentservice-bc4phihy.js""', '""rel"":""modulepreload""}}', '{""tag"":""link""', '""attrs"":{""href"":""/_build/assets/pincodeservice-cwg1eohy.js""', '""key"":""/_build/assets/pincodeservice-cwg1eohy.js""', '""rel"":""modulepreload""}}', '{""tag"":""link""', '""key"":""/_build/assets/productstickycard-14uarb1g.js""', '""rel"":""modulepreload""}}', '{""tag"":""link""', '""attrs"":{""href"":""/_build/assets/footercontext-db_dozxt.js""', '""key"":""/_build/assets/footercontext-db_dozxt.js""', '""rel"":""modulepreload""}}', '{""tag"":""link""', '""key"":""/_build/assets/customerhighlights-cupuw_gm.js""', '""rel"":""modulepreload""}}', '{""tag"":""link""', '""attrs"":{""href"":""/_build/assets/reviews-dlwnskh3.js""', '""key"":""/_build/assets/reviews-dlwnskh3.js""', '""rel"":""modulepreload""}}]}', '""assets"":[{""tag"":""link""', '""key"":""/_build/assets/usesmartnavigation-bmroytop.js""', '""rel"":""modulepreload""}}', '{""tag"":""link""', '""attrs"":{""href"":""/_build/assets/index-7er4qylq.js""', '""key"":""/_build/assets/index-7er4qylq.js""', '""rel"":""modulepreload""}}', '{""tag"":""link""', '""attrs"":{""href"":""/_build/assets/clientonly-d1fjovkf.js""', '""key"":""/_build/assets/clientonly-d1fjovkf.js""', '""rel"":""modulepreload""}}', '{""tag"":""link""', '""key"":""/_build/assets/messages-constants-z6vejtfy.js""', '""rel"":""modulepreload""}}', '{""tag"":""link""', '""key"":""/_build/assets/productcomponentservice-bc4phihy.js""', '""rel"":""modulepreload""}}', '{""tag"":""link""', '""attrs"":{""href"":""/_build/assets/buttonclose-cxfu_71i.js""', '""key"":""/_build/assets/buttonclose-cxfu_71i.js""', '""rel"":""modulepreload""}}', '{""tag"":""link""', '""attrs"":{""href"":""/_build/assets/writereview-dtoi_lzx.js""', '""key"":""/_build/assets/writereview-dtoi_lzx.js""', '""rel"":""modulepreload""}}]}', '""assets"":[{""tag"":""link""', '""attrs"":{""href"":""/_build/assets/client-dkyiygii.css""', '""key"":""/_build/assets/client-dkyiygii.css""', '""rel"":""stylesheet""', '""precendence"":""high""}}', '{""tag"":""link""', '""key"":""/_build/assets/usesmartnavigation-bmroytop.js""', '""rel"":""modulepreload""}}', '{""tag"":""link""', '""attrs"":{""href"":""/_build/assets/index-7er4qylq.js""', '""key"":""/_build/assets/index-7er4qylq.js""', '""rel"":""modulepreload""}}', '{""tag"":""link""', '""attrs"":{""href"":""/_build/assets/footercontext-db_dozxt.js""', '""key"":""/_build/assets/footercontext-db_dozxt.js""', '""rel"":""modulepreload""}}', '{""tag"":""link""', '""attrs"":{""href"":""/_build/assets/clientonly-d1fjovkf.js""', '""key"":""/_build/assets/clientonly-d1fjovkf.js""', '""rel"":""modulepreload""}}', '{""tag"":""link""', '""attrs"":{""href"":""/_build/assets/client-curg4vdo.js""', '""key"":""/_build/assets/client-curg4vdo.js""', '""rel"":""modulepreload""}}]}}']",NPR 638,"['Oily', 'Combination']","['Sun Protection', 'Brightening']","https://media6.ppl-media.com/tr:h-235,w-235,c-at_max,dpr-2,q-40/static/img/product/374549/wishcare-niacinamide-oil-balance-sunscreen-spf-50-pa-light-and-matte-sunscreen-for-oily-skin_1_display_1770112454_c04f9a21.jpg",4.4
"LakmeSunscreen For Bright Skin, SPF 50 PA++++, Water Light, Niacinamide, In Vivo Tested, 100 ml",https://www.purplle.com/product/lakme-sun-expert-super-matte-lotion-sunscreen-spf-50-pa-with-niacinamide-and-vit-c-broad-spectrum-uva-b-protection-blue-light-protection-no-white-cast-for-all-dry-normal-skin-100ml-10-16-44-42,Sunscreen,[],NPR 578,['Normal'],"['Hydrating', 'Sun Protection', 'Brightening']","https://media6.ppl-media.com/tr:h-235,w-235,c-at_max,dpr-2,q-40/static/img/product/409033/lakme-sun-expert-super-matte-lotion-sunscreen-spf-50-pa-with-niacinamide-and-vit-c-broad-spectrum-uva-b-protection-blue-light-protection-no-white-cast-for-all-dry-normal-skin-100ml-10-16-44-42_9_display_1767096609_385c0ff9.jpg",4.2
DERMDOCSPF 50 Ultra Light Daily Glow Sunscreen (30 gm) | PA+++ | Sunblock | Lightweight | Non-Greasy | 0 White Cast | Non-Comodogenic,https://www.purplle.com/product/dermdoc-ultra-light-spf-50-pa-daily-glow-sunscreen-30-gm-18,Sunscreen,"['""assets"":[{""tag"":""link""', '""key"":""/_build/assets/usesmartnavigation-bmroytop.js""', '""rel"":""modulepreload""}}', '{""tag"":""link""', '""attrs"":{""href"":""/_build/assets/components-5wf9qqjy.js""', '""key"":""/_build/assets/components-5wf9qqjy.js""', '""rel"":""modulepreload""}}', '{""tag"":""link""', '""attrs"":{""href"":""/_build/assets/pagenotfound-bbdwtpjw.js""', '""key"":""/_build/assets/pagenotfound-bbdwtpjw.js""', '""rel"":""modulepreload""}}', '{""tag"":""link""', '""attrs"":{""href"":""/_build/assets/_...404_-xmf9mhmb.js""', '""key"":""/_build/assets/_...404_-xmf9mhmb.js""', '""rel"":""modulepreload""}}]}', '""assets"":[{""tag"":""link""', '""key"":""/_build/assets/usesmartnavigation-bmroytop.js""', '""rel"":""modulepreload""}}', '{""tag"":""link""', '""attrs"":{""href"":""/_build/assets/index-7er4qylq.js""', '""key"":""/_build/assets/index-7er4qylq.js""', '""rel"":""modulepreload""}}', '{""tag"":""link""', '""attrs"":{""href"":""/_build/assets/clientonly-d1fjovkf.js""', '""key"":""/_build/assets/clientonly-d1fjovkf.js""', '""rel"":""modulepreload""}}', '{""tag"":""link""', '""key"":""/_build/assets/messages-constants-z6vejtfy.js""', '""rel"":""modulepreload""}}', '{""tag"":""link""', '""key"":""/_build/assets/productcomponentservice-bc4phihy.js""', '""rel"":""modulepreload""}}', '{""tag"":""link""', '""attrs"":{""href"":""/_build/assets/pincodeservice-cwg1eohy.js""', '""key"":""/_build/assets/pincodeservice-cwg1eohy.js""', '""rel"":""modulepreload""}}', '{""tag"":""link""', '""attrs"":{""href"":""/_build/assets/footercontext-db_dozxt.js""', '""key"":""/_build/assets/footercontext-db_dozxt.js""', '""rel"":""modulepreload""}}', '{""tag"":""link""', '""attrs"":{""href"":""/_build/assets/spinner-c3apypkz.js""', '""key"":""/_build/assets/spinner-c3apypkz.js""', '""rel"":""modulepreload""}}', '{""tag"":""link""', '""attrs"":{""href"":""/_build/assets/index-c97xlmg_.js""', '""key"":""/_build/assets/index-c97xlmg_.js""', '""rel"":""modulepreload""}}', '{""tag"":""link""', '""attrs"":{""href"":""/_build/assets/components-5wf9qqjy.js""', '""key"":""/_build/assets/components-5wf9qqjy.js""', '""rel"":""modulepreload""}}', '{""tag"":""link""', '""key"":""/_build/assets/productdetailspage-s-69bauu.js""', '""rel"":""modulepreload""}}', '{""tag"":""link""', '""attrs"":{""href"":""/_build/assets/_...rest_-b5owslnu.js""', '""key"":""/_build/assets/_...rest_-b5owslnu.js""', '""rel"":""modulepreload""}}]}', '""assets"":[{""tag"":""link""', '""key"":""/_build/assets/usesmartnavigation-bmroytop.js""', '""rel"":""modulepreload""}}', '{""tag"":""link""', '""attrs"":{""href"":""/_build/assets/index-7er4qylq.js""', '""key"":""/_build/assets/index-7er4qylq.js""', '""rel"":""modulepreload""}}', '{""tag"":""link""', '""attrs"":{""href"":""/_build/assets/clientonly-d1fjovkf.js""', '""key"":""/_build/assets/clientonly-d1fjovkf.js""', '""rel"":""modulepreload""}}', '{""tag"":""link""', '""key"":""/_build/assets/messages-constants-z6vejtfy.js""', '""rel"":""modulepreload""}}', '{""tag"":""link""', '""key"":""/_build/assets/productcomponentservice-bc4phihy.js""', '""rel"":""modulepreload""}}', '{""tag"":""link""', '""attrs"":{""href"":""/_build/assets/pincodeservice-cwg1eohy.js""', '""key"":""/_build/assets/pincodeservice-cwg1eohy.js""', '""rel"":""modulepreload""}}', '{""tag"":""link""', '""attrs"":{""href"":""/_build/assets/footercontext-db_dozxt.js""', '""key"":""/_build/assets/footercontext-db_dozxt.js""', '""rel"":""modulepreload""}}', '{""tag"":""link""', '""attrs"":{""href"":""/_build/assets/spinner-c3apypkz.js""', '""key"":""/_build/assets/spinner-c3apypkz.js""', '""rel"":""modulepreload""}}', '{""tag"":""link""', '""attrs"":{""href"":""/_build/assets/index-c97xlmg_.js""', '""key"":""/_build/assets/index-c97xlmg_.js""', '""rel"":""modulepreload""}}', '{""tag"":""link""', '""attrs"":{""href"":""/_build/assets/components-5wf9qqjy.js""', '""key"":""/_build/assets/components-5wf9qqjy.js""', '""rel"":""modulepreload""}}', '{""tag"":""link""', '""key"":""/_build/assets/productdetailspage-s-69bauu.js""', '""rel"":""modulepreload""}}', '{""tag"":""link""', '""attrs"":{""href"":""/_build/assets/index-b5owslnu.js""', '""key"":""/_build/assets/index-b5owslnu.js""', '""rel"":""modulepreload""}}]}', '""assets"":[{""tag"":""link""', '""key"":""/_build/assets/usesmartnavigation-bmroytop.js""', '""rel"":""modulepreload""}}', '{""tag"":""link""', '""attrs"":{""href"":""/_build/assets/index-7er4qylq.js""', '""key"":""/_build/assets/index-7er4qylq.js""', '""rel"":""modulepreload""}}', '{""tag"":""link""', '""key"":""/_build/assets/messages-constants-z6vejtfy.js""', '""rel"":""modulepreload""}}', '{""tag"":""link""', '""key"":""/_build/assets/productcomponentservice-bc4phihy.js""', '""rel"":""modulepreload""}}', '{""tag"":""link""', '""attrs"":{""href"":""/_build/assets/pincodeservice-cwg1eohy.js""', '""key"":""/_build/assets/pincodeservice-cwg1eohy.js""', '""rel"":""modulepreload""}}', '{""tag"":""link""', '""key"":""/_build/assets/productstickycard-14uarb1g.js""', '""rel"":""modulepreload""}}', '{""tag"":""link""', '""attrs"":{""href"":""/_build/assets/footercontext-db_dozxt.js""', '""key"":""/_build/assets/footercontext-db_dozxt.js""', '""rel"":""modulepreload""}}', '{""tag"":""link""', '""key"":""/_build/assets/customerhighlights-cupuw_gm.js""', '""rel"":""modulepreload""}}', '{""tag"":""link""', '""attrs"":{""href"":""/_build/assets/reviews-dlwnskh3.js""', '""key"":""/_build/assets/reviews-dlwnskh3.js""', '""rel"":""modulepreload""}}]}', '""assets"":[{""tag"":""link""', '""key"":""/_build/assets/usesmartnavigation-bmroytop.js""', '""rel"":""modulepreload""}}', '{""tag"":""link""', '""attrs"":{""href"":""/_build/assets/index-7er4qylq.js""', '""key"":""/_build/assets/index-7er4qylq.js""', '""rel"":""modulepreload""}}', '{""tag"":""link""', '""attrs"":{""href"":""/_build/assets/clientonly-d1fjovkf.js""', '""key"":""/_build/assets/clientonly-d1fjovkf.js""', '""rel"":""modulepreload""}}', '{""tag"":""link""', '""key"":""/_build/assets/messages-constants-z6vejtfy.js""', '""rel"":""modulepreload""}}', '{""tag"":""link""', '""key"":""/_build/assets/productcomponentservice-bc4phihy.js""', '""rel"":""modulepreload""}}', '{""tag"":""link""', '""attrs"":{""href"":""/_build/assets/buttonclose-cxfu_71i.js""', '""key"":""/_build/assets/buttonclose-cxfu_71i.js""', '""rel"":""modulepreload""}}', '{""tag"":""link""', '""attrs"":{""href"":""/_build/assets/writereview-dtoi_lzx.js""', '""key"":""/_build/assets/writereview-dtoi_lzx.js""', '""rel"":""modulepreload""}}]}', '""assets"":[{""tag"":""link""', '""attrs"":{""href"":""/_build/assets/client-dkyiygii.css""', '""key"":""/_build/assets/client-dkyiygii.css""', '""rel"":""stylesheet""', '""precendence"":""high""}}', '{""tag"":""link""', '""key"":""/_build/assets/usesmartnavigation-bmroytop.js""', '""rel"":""modulepreload""}}', '{""tag"":""link""', '""attrs"":{""href"":""/_build/assets/index-7er4qylq.js""', '""key"":""/_build/assets/index-7er4qylq.js""', '""rel"":""modulepreload""}}', '{""tag"":""link""', '""attrs"":{""href"":""/_build/assets/footercontext-db_dozxt.js""', '""key"":""/_build/assets/footercontext-db_dozxt.js""', '""rel"":""modulepreload""}}', '{""tag"":""link""', '""attrs"":{""href"":""/_build/assets/clientonly-d1fjovkf.js""', '""key"":""/_build/assets/clientonly-d1fjovkf.js""', '""rel"":""modulepreload""}}', '{""tag"":""link""', '""attrs"":{""href"":""/_build/assets/client-curg4vdo.js""', '""key"":""/_build/assets/client-curg4vdo.js""', '""rel"":""modulepreload""}}]}}']",NPR 312,['Normal'],"['Brightening', 'Sun Protection']","https://media6.ppl-media.com/tr:h-235,w-235,c-at_max,dpr-2,q-40/static/img/product/397321/dermdoc-ultra-light-spf-50-pa-daily-glow-sunscreen-30-gm-18_2_display_1745901047_c227aa53.jpg",4.2
VaselineGluta Hya - Antioxidant SPF 50 PA+++ Sunscreen | Glutathione & Hyaluronic Acid 70 ml | Suitable for All Skin Types | For Glowing and Radiant Skin,https://www.purplle.com/product/vaseline-gluta-hya-antioxidant-spf-50-pa-sunscreen-glutathione-and-hyaluronic-acid-70-ml,Sunscreen,[],NPR 358,['Normal'],"['Brightening', 'Sun Protection']","https://media6.ppl-media.com/tr:h-235,w-235,c-at_max,dpr-2,q-40/static/img/product/394705/vaseline-gluta-hya-antioxidant-spf-50-pa-sunscreen-glutathione-and-hyaluronic-acid-70-ml_1_display_1774441128_9cc605a7.jpg",4.2
"Dot & KeyBlueberry Hydrate Barrier Repair Sunscreen SPF 50+, PA++++ - With Hyaluronic & 5 Ceramides | In Vivo Tested Sunscreen All Skin Types with 7 UV Filters | 50 gm",https://www.purplle.com/product/dot-and-key-blueberry-hydrate-barrier-repair-sunscreen-spf-50-pa-with-hyaluronic-and-5-ceramides-face-sunscrren-for-dry-and-sensitive-skin-with-6-uv-filters-50g-12,Sunscreen,"['""assets"":[{""tag"":""link""', '""key"":""/_build/assets/usesmartnavigation-bmroytop.js""', '""rel"":""modulepreload""}}', '{""tag"":""link""', '""attrs"":{""href"":""/_build/assets/components-5wf9qqjy.js""', '""key"":""/_build/assets/components-5wf9qqjy.js""', '""rel"":""modulepreload""}}', '{""tag"":""link""', '""attrs"":{""href"":""/_build/assets/pagenotfound-bbdwtpjw.js""', '""key"":""/_build/assets/pagenotfound-bbdwtpjw.js""', '""rel"":""modulepreload""}}', '{""tag"":""link""', '""attrs"":{""href"":""/_build/assets/_...404_-xmf9mhmb.js""', '""key"":""/_build/assets/_...404_-xmf9mhmb.js""', '""rel"":""modulepreload""}}]}', '""assets"":[{""tag"":""link""', '""key"":""/_build/assets/usesmartnavigation-bmroytop.js""', '""rel"":""modulepreload""}}', '{""tag"":""link""', '""attrs"":{""href"":""/_build/assets/index-7er4qylq.js""', '""key"":""/_build/assets/index-7er4qylq.js""', '""rel"":""modulepreload""}}', '{""tag"":""link""', '""attrs"":{""href"":""/_build/assets/clientonly-d1fjovkf.js""', '""key"":""/_build/assets/clientonly-d1fjovkf.js""', '""rel"":""modulepreload""}}', '{""tag"":""link""', '""key"":""/_build/assets/messages-constants-z6vejtfy.js""', '""rel"":""modulepreload""}}', '{""tag"":""link""', '""key"":""/_build/assets/productcomponentservice-bc4phihy.js""', '""rel"":""modulepreload""}}', '{""tag"":""link""', '""attrs"":{""href"":""/_build/assets/pincodeservice-cwg1eohy.js""', '""key"":""/_build/assets/pincodeservice-cwg1eohy.js""', '""rel"":""modulepreload""}}', '{""tag"":""link""', '""attrs"":{""href"":""/_build/assets/footercontext-db_dozxt.js""', '""key"":""/_build/assets/footercontext-db_dozxt.js""', '""rel"":""modulepreload""}}', '{""tag"":""link""', '""attrs"":{""href"":""/_build/assets/spinner-c3apypkz.js""', '""key"":""/_build/assets/spinner-c3apypkz.js""', '""rel"":""modulepreload""}}', '{""tag"":""link""', '""attrs"":{""href"":""/_build/assets/index-c97xlmg_.js""', '""key"":""/_build/assets/index-c97xlmg_.js""', '""rel"":""modulepreload""}}', '{""tag"":""link""', '""attrs"":{""href"":""/_build/assets/components-5wf9qqjy.js""', '""key"":""/_build/assets/components-5wf9qqjy.js""', '""rel"":""modulepreload""}}', '{""tag"":""link""', '""key"":""/_build/assets/productdetailspage-s-69bauu.js""', '""rel"":""modulepreload""}}', '{""tag"":""link""', '""attrs"":{""href"":""/_build/assets/_...rest_-b5owslnu.js""', '""key"":""/_build/assets/_...rest_-b5owslnu.js""', '""rel"":""modulepreload""}}]}', '""assets"":[{""tag"":""link""', '""key"":""/_build/assets/usesmartnavigation-bmroytop.js""', '""rel"":""modulepreload""}}', '{""tag"":""link""', '""attrs"":{""href"":""/_build/assets/index-7er4qylq.js""', '""key"":""/_build/assets/index-7er4qylq.js""', '""rel"":""modulepreload""}}', '{""tag"":""link""', '""attrs"":{""href"":""/_build/assets/clientonly-d1fjovkf.js""', '""key"":""/_build/assets/clientonly-d1fjovkf.js""', '""rel"":""modulepreload""}}', '{""tag"":""link""', '""key"":""/_build/assets/messages-constants-z6vejtfy.js""', '""rel"":""modulepreload""}}', '{""tag"":""link""', '""key"":""/_build/assets/productcomponentservice-bc4phihy.js""', '""rel"":""modulepreload""}}', '{""tag"":""link""', '""attrs"":{""href"":""/_build/assets/pincodeservice-cwg1eohy.js""', '""key"":""/_build/assets/pincodeservice-cwg1eohy.js""', '""rel"":""modulepreload""}}', '{""tag"":""link""', '""attrs"":{""href"":""/_build/assets/footercontext-db_dozxt.js""', '""key"":""/_build/assets/footercontext-db_dozxt.js""', '""rel"":""modulepreload""}}', '{""tag"":""link""', '""attrs"":{""href"":""/_build/assets/spinner-c3apypkz.js""', '""key"":""/_build/assets/spinner-c3apypkz.js""', '""rel"":""modulepreload""}}', '{""tag"":""link""', '""attrs"":{""href"":""/_build/assets/index-c97xlmg_.js""', '""key"":""/_build/assets/index-c97xlmg_.js""', '""rel"":""modulepreload""}}', '{""tag"":""link""', '""attrs"":{""href"":""/_build/assets/components-5wf9qqjy.js""', '""key"":""/_build/assets/components-5wf9qqjy.js""', '""rel"":""modulepreload""}}', '{""tag"":""link""', '""key"":""/_build/assets/productdetailspage-s-69bauu.js""', '""rel"":""modulepreload""}}', '{""tag"":""link""', '""attrs"":{""href"":""/_build/assets/index-b5owslnu.js""', '""key"":""/_build/assets/index-b5owslnu.js""', '""rel"":""modulepreload""}}]}', '""assets"":[{""tag"":""link""', '""key"":""/_build/assets/usesmartnavigation-bmroytop.js""', '""rel"":""modulepreload""}}', '{""tag"":""link""', '""attrs"":{""href"":""/_build/assets/index-7er4qylq.js""', '""key"":""/_build/assets/index-7er4qylq.js""', '""rel"":""modulepreload""}}', '{""tag"":""link""', '""key"":""/_build/assets/messages-constants-z6vejtfy.js""', '""rel"":""modulepreload""}}', '{""tag"":""link""', '""key"":""/_build/assets/productcomponentservice-bc4phihy.js""', '""rel"":""modulepreload""}}', '{""tag"":""link""', '""attrs"":{""href"":""/_build/assets/pincodeservice-cwg1eohy.js""', '""key"":""/_build/assets/pincodeservice-cwg1eohy.js""', '""rel"":""modulepreload""}}', '{""tag"":""link""', '""key"":""/_build/assets/productstickycard-14uarb1g.js""', '""rel"":""modulepreload""}}', '{""tag"":""link""', '""attrs"":{""href"":""/_build/assets/footercontext-db_dozxt.js""', '""key"":""/_build/assets/footercontext-db_dozxt.js""', '""rel"":""modulepreload""}}', '{""tag"":""link""', '""key"":""/_build/assets/customerhighlights-cupuw_gm.js""', '""rel"":""modulepreload""}}', '{""tag"":""link""', '""attrs"":{""href"":""/_build/assets/reviews-dlwnskh3.js""', '""key"":""/_build/assets/reviews-dlwnskh3.js""', '""rel"":""modulepreload""}}]}', '""assets"":[{""tag"":""link""', '""key"":""/_build/assets/usesmartnavigation-bmroytop.js""', '""rel"":""modulepreload""}}', '{""tag"":""link""', '""attrs"":{""href"":""/_build/assets/index-7er4qylq.js""', '""key"":""/_build/assets/index-7er4qylq.js""', '""rel"":""modulepreload""}}', '{""tag"":""link""', '""attrs"":{""href"":""/_build/assets/clientonly-d1fjovkf.js""', '""key"":""/_build/assets/clientonly-d1fjovkf.js""', '""rel"":""modulepreload""}}', '{""tag"":""link""', '""key"":""/_build/assets/messages-constants-z6vejtfy.js""', '""rel"":""modulepreload""}}', '{""tag"":""link""', '""key"":""/_build/assets/productcomponentservice-bc4phihy.js""', '""rel"":""modulepreload""}}', '{""tag"":""link""', '""attrs"":{""href"":""/_build/assets/buttonclose-cxfu_71i.js""', '""key"":""/_build/assets/buttonclose-cxfu_71i.js""', '""rel"":""modulepreload""}}', '{""tag"":""link""', '""attrs"":{""href"":""/_build/assets/writereview-dtoi_lzx.js""', '""key"":""/_build/assets/writereview-dtoi_lzx.js""', '""rel"":""modulepreload""}}]}', '""assets"":[{""tag"":""link""', '""attrs"":{""href"":""/_build/assets/client-dkyiygii.css""', '""key"":""/_build/assets/client-dkyiygii.css""', '""rel"":""stylesheet""', '""precendence"":""high""}}', '{""tag"":""link""', '""key"":""/_build/assets/usesmartnavigation-bmroytop.js""', '""rel"":""modulepreload""}}', '{""tag"":""link""', '""attrs"":{""href"":""/_build/assets/index-7er4qylq.js""', '""key"":""/_build/assets/index-7er4qylq.js""', '""rel"":""modulepreload""}}', '{""tag"":""link""', '""attrs"":{""href"":""/_build/assets/footercontext-db_dozxt.js""', '""key"":""/_build/assets/footercontext-db_dozxt.js""', '""rel"":""modulepreload""}}', '{""tag"":""link""', '""attrs"":{""href"":""/_build/assets/clientonly-d1fjovkf.js""', '""key"":""/_build/assets/clientonly-d1fjovkf.js""', '""rel"":""modulepreload""}}', '{""tag"":""link""', '""attrs"":{""href"":""/_build/assets/client-curg4vdo.js""', '""key"":""/_build/assets/client-curg4vdo.js""', '""rel"":""modulepreload""}}]}}']",NPR 619,"['Dry', 'Sensitive', 'Normal']","['Hydrating', 'Barrier Repair', 'Sun Protection', 'Brightening']","https://media6.ppl-media.com/tr:h-235,w-235,c-at_max,dpr-2,q-40/static/img/product/390616/dot-and-key-blueberry-hydrate-barrier-repair-sunscreen-spf-50-pa-with-hyaluronic-and-5-ceramides-face-sunscrren-for-dry-and-sensitive-skin-with-6-uv-filters-50g-12_1_display_1771832686_13bf9e29.jpg",4.4
"LakmeTinted Sunscreen SPF 50 PA +++ |UVA/B protection, for all dry, oily, normal skin 50 ml",https://www.purplle.com/product/lakme-sun-expert-tinted-sunscreen-spf-50-pa-broad-spectrum-uva-b-protection-blue-light-protection-no-white-cast-for-all-dry-oily-normal-skin-matte-finish-50gm-66-94-79,Sunscreen,[],NPR 347,"['Dry', 'Oily', 'Normal']","['Sun Protection', 'Brightening']","https://media6.ppl-media.com/tr:h-235,w-235,c-at_max,dpr-2,q-40/static/img/product/410264/lakme-sun-expert-tinted-sunscreen-spf-50-pa-broad-spectrum-uva-b-protection-blue-light-protection-no-white-cast-for-all-dry-oily-normal-skin-matte-finish-50gm-66_1_display_1768368648_b4b8aea4.jpg",4.3
WishCareSunscreen Body Lotion SPF50 PA+++|In-Vivo Tested|Dermat Approved UVA & UVB Protection|Long Lasting & Deep Hydration with No White Cast|Prevents Tanning|For Men & Women|200 ml,https://www.purplle.com/product/wishcare-spf50-sunscreen-body-lotion-broad-spectrum-uva-and-uvb-protection-no-white-cast,Sunscreen,[],NPR 638,['Normal'],"['Hydrating', 'Sun Protection', 'Brightening']","https://media6.ppl-media.com/tr:h-235,w-235,c-at_max,dpr-2,q-40/static/img/product/333050/wishcare-spf50-sunscreen-body-lotion-broad-spectrum-uva-and-uvb-protection-no-white-cast_1_display_1770112330_43cb30e5.jpg",4.4
AqualogicaRadiance+ Dewy Lightweight Sunscreen Gel SPF 50+ PA+++ for Oily & Acne-Prone Skin 80 gm,https://www.purplle.com/product/aqualogica-radiance-dewy-sunscreen-with-watermelon-and-niacinamide-with-spf-50-and-pa-80-gm,Sunscreen,"['""assets"":[{""tag"":""link""', '""key"":""/_build/assets/usesmartnavigation-bmroytop.js""', '""rel"":""modulepreload""}}', '{""tag"":""link""', '""attrs"":{""href"":""/_build/assets/components-5wf9qqjy.js""', '""key"":""/_build/assets/components-5wf9qqjy.js""', '""rel"":""modulepreload""}}', '{""tag"":""link""', '""attrs"":{""href"":""/_build/assets/pagenotfound-bbdwtpjw.js""', '""key"":""/_build/assets/pagenotfound-bbdwtpjw.js""', '""rel"":""modulepreload""}}', '{""tag"":""link""', '""attrs"":{""href"":""/_build/assets/_...404_-xmf9mhmb.js""', '""key"":""/_build/assets/_...404_-xmf9mhmb.js""', '""rel"":""modulepreload""}}]}', '""assets"":[{""tag"":""link""', '""key"":""/_build/assets/usesmartnavigation-bmroytop.js""', '""rel"":""modulepreload""}}', '{""tag"":""link""', '""attrs"":{""href"":""/_build/assets/index-7er4qylq.js""', '""key"":""/_build/assets/index-7er4qylq.js""', '""rel"":""modulepreload""}}', '{""tag"":""link""', '""attrs"":{""href"":""/_build/assets/clientonly-d1fjovkf.js""', '""key"":""/_build/assets/clientonly-d1fjovkf.js""', '""rel"":""modulepreload""}}', '{""tag"":""link""', '""key"":""/_build/assets/messages-constants-z6vejtfy.js""', '""rel"":""modulepreload""}}', '{""tag"":""link""', '""key"":""/_build/assets/productcomponentservice-bc4phihy.js""', '""rel"":""modulepreload""}}', '{""tag"":""link""', '""attrs"":{""href"":""/_build/assets/pincodeservice-cwg1eohy.js""', '""key"":""/_build/assets/pincodeservice-cwg1eohy.js""', '""rel"":""modulepreload""}}', '{""tag"":""link""', '""attrs"":{""href"":""/_build/assets/footercontext-db_dozxt.js""', '""key"":""/_build/assets/footercontext-db_dozxt.js""', '""rel"":""modulepreload""}}', '{""tag"":""link""', '""attrs"":{""href"":""/_build/assets/spinner-c3apypkz.js""', '""key"":""/_build/assets/spinner-c3apypkz.js""', '""rel"":""modulepreload""}}', '{""tag"":""link""', '""attrs"":{""href"":""/_build/assets/index-c97xlmg_.js""', '""key"":""/_build/assets/index-c97xlmg_.js""', '""rel"":""modulepreload""}}', '{""tag"":""link""', '""attrs"":{""href"":""/_build/assets/components-5wf9qqjy.js""', '""key"":""/_build/assets/components-5wf9qqjy.js""', '""rel"":""modulepreload""}}', '{""tag"":""link""', '""key"":""/_build/assets/productdetailspage-s-69bauu.js""', '""rel"":""modulepreload""}}', '{""tag"":""link""', '""attrs"":{""href"":""/_build/assets/_...rest_-b5owslnu.js""', '""key"":""/_build/assets/_...rest_-b5owslnu.js""', '""rel"":""modulepreload""}}]}', '""assets"":[{""tag"":""link""', '""key"":""/_build/assets/usesmartnavigation-bmroytop.js""', '""rel"":""modulepreload""}}', '{""tag"":""link""', '""attrs"":{""href"":""/_build/assets/index-7er4qylq.js""', '""key"":""/_build/assets/index-7er4qylq.js""', '""rel"":""modulepreload""}}', '{""tag"":""link""', '""attrs"":{""href"":""/_build/assets/clientonly-d1fjovkf.js""', '""key"":""/_build/assets/clientonly-d1fjovkf.js""', '""rel"":""modulepreload""}}', '{""tag"":""link""', '""key"":""/_build/assets/messages-constants-z6vejtfy.js""', '""rel"":""modulepreload""}}', '{""tag"":""link""', '""key"":""/_build/assets/productcomponentservice-bc4phihy.js""', '""rel"":""modulepreload""}}', '{""tag"":""link""', '""attrs"":{""href"":""/_build/assets/pincodeservice-cwg1eohy.js""', '""key"":""/_build/assets/pincodeservice-cwg1eohy.js""', '""rel"":""modulepreload""}}', '{""tag"":""link""', '""attrs"":{""href"":""/_build/assets/footercontext-db_dozxt.js""', '""key"":""/_build/assets/footercontext-db_dozxt.js""', '""rel"":""modulepreload""}}', '{""tag"":""link""', '""attrs"":{""href"":""/_build/assets/spinner-c3apypkz.js""', '""key"":""/_build/assets/spinner-c3apypkz.js""', '""rel"":""modulepreload""}}', '{""tag"":""link""', '""attrs"":{""href"":""/_build/assets/index-c97xlmg_.js""', '""key"":""/_build/assets/index-c97xlmg_.js""', '""rel"":""modulepreload""}}', '{""tag"":""link""', '""attrs"":{""href"":""/_build/assets/components-5wf9qqjy.js""', '""key"":""/_build/assets/components-5wf9qqjy.js""', '""rel"":""modulepreload""}}', '{""tag"":""link""', '""key"":""/_build/assets/productdetailspage-s-69bauu.js""', '""rel"":""modulepreload""}}', '{""tag"":""link""', '""attrs"":{""href"":""/_build/assets/index-b5owslnu.js""', '""key"":""/_build/assets/index-b5owslnu.js""', '""rel"":""modulepreload""}}]}', '""assets"":[{""tag"":""link""', '""key"":""/_build/assets/usesmartnavigation-bmroytop.js""', '""rel"":""modulepreload""}}', '{""tag"":""link""', '""attrs"":{""href"":""/_build/assets/index-7er4qylq.js""', '""key"":""/_build/assets/index-7er4qylq.js""', '""rel"":""modulepreload""}}', '{""tag"":""link""', '""key"":""/_build/assets/messages-constants-z6vejtfy.js""', '""rel"":""modulepreload""}}', '{""tag"":""link""', '""key"":""/_build/assets/productcomponentservice-bc4phihy.js""', '""rel"":""modulepreload""}}', '{""tag"":""link""', '""attrs"":{""href"":""/_build/assets/pincodeservice-cwg1eohy.js""', '""key"":""/_build/assets/pincodeservice-cwg1eohy.js""', '""rel"":""modulepreload""}}', '{""tag"":""link""', '""key"":""/_build/assets/productstickycard-14uarb1g.js""', '""rel"":""modulepreload""}}', '{""tag"":""link""', '""attrs"":{""href"":""/_build/assets/footercontext-db_dozxt.js""', '""key"":""/_build/assets/footercontext-db_dozxt.js""', '""rel"":""modulepreload""}}', '{""tag"":""link""', '""key"":""/_build/assets/customerhighlights-cupuw_gm.js""', '""rel"":""modulepreload""}}', '{""tag"":""link""', '""attrs"":{""href"":""/_build/assets/reviews-dlwnskh3.js""', '""key"":""/_build/assets/reviews-dlwnskh3.js""', '""rel"":""modulepreload""}}]}', '""assets"":[{""tag"":""link""', '""key"":""/_build/assets/usesmartnavigation-bmroytop.js""', '""rel"":""modulepreload""}}', '{""tag"":""link""', '""attrs"":{""href"":""/_build/assets/index-7er4qylq.js""', '""key"":""/_build/assets/index-7er4qylq.js""', '""rel"":""modulepreload""}}', '{""tag"":""link""', '""attrs"":{""href"":""/_build/assets/clientonly-d1fjovkf.js""', '""key"":""/_build/assets/clientonly-d1fjovkf.js""', '""rel"":""modulepreload""}}', '{""tag"":""link""', '""key"":""/_build/assets/messages-constants-z6vejtfy.js""', '""rel"":""modulepreload""}}', '{""tag"":""link""', '""key"":""/_build/assets/productcomponentservice-bc4phihy.js""', '""rel"":""modulepreload""}}', '{""tag"":""link""', '""attrs"":{""href"":""/_build/assets/buttonclose-cxfu_71i.js""', '""key"":""/_build/assets/buttonclose-cxfu_71i.js""', '""rel"":""modulepreload""}}', '{""tag"":""link""', '""attrs"":{""href"":""/_build/assets/writereview-dtoi_lzx.js""', '""key"":""/_build/assets/writereview-dtoi_lzx.js""', '""rel"":""modulepreload""}}]}', '""assets"":[{""tag"":""link""', '""attrs"":{""href"":""/_build/assets/client-dkyiygii.css""', '""key"":""/_build/assets/client-dkyiygii.css""', '""rel"":""stylesheet""', '""precendence"":""high""}}', '{""tag"":""link""', '""key"":""/_build/assets/usesmartnavigation-bmroytop.js""', '""rel"":""modulepreload""}}', '{""tag"":""link""', '""attrs"":{""href"":""/_build/assets/index-7er4qylq.js""', '""key"":""/_build/assets/index-7er4qylq.js""', '""rel"":""modulepreload""}}', '{""tag"":""link""', '""attrs"":{""href"":""/_build/assets/footercontext-db_dozxt.js""', '""key"":""/_build/assets/footercontext-db_dozxt.js""', '""rel"":""modulepreload""}}', '{""tag"":""link""', '""attrs"":{""href"":""/_build/assets/clientonly-d1fjovkf.js""', '""key"":""/_build/assets/clientonly-d1fjovkf.js""', '""rel"":""modulepreload""}}', '{""tag"":""link""', '""attrs"":{""href"":""/_build/assets/client-curg4vdo.js""', '""key"":""/_build/assets/client-curg4vdo.js""', '""rel"":""modulepreload""}}]}}']",NPR 763,"['Oily', 'Acne-prone']","['Acne Control', 'Sun Protection', 'Brightening']","https://media6.ppl-media.com/tr:h-235,w-235,c-at_max,dpr-2,q-40/static/img/product/361160/aqualogica-radiance-dewy-sunscreen-with-watermelon-and-niacinamide-with-spf-50-and-pa-80-gm_1_display_1774875439_a50fbcc8.jpg",4.3
Dr. Sheth'sKesar & Kojic Acid Sunscreen SPF 50+ Pa++++ |In-Vivo Tested |30 gm (Pack of 2),https://www.purplle.com/product/dr-sheth-s-kesar-and-kojic-acid-sunscreen-spf-50-pa-in-vivo-tested-30-gm-pack-of-2,Sunscreen,[],NPR 574,['Normal'],"['Sun Protection', 'Brightening']","https://media6.ppl-media.com/tr:h-235,w-235,c-at_max,dpr-2,q-40/static/img/product/410923/dr-sheth-s-kesar-and-kojic-acid-sunscreen-spf-50-pa-in-vivo-tested-30-gm-pack-of-2_1_display_1770629679_072e77ab.jpg",4.0
MamaearthVitamin C Daily Glow Sunscreen with SPF 50 & PA+++ for Sun Tan Protection & Glow - 50 gm| In-Vivo Tested,https://www.purplle.com/product/vitamin-c-daily-glow-sunscreen-with-vitamin-c-and-turmeric-for-sun-protection-and-glow-50-g-33,Sunscreen,[],NPR 466,['Normal'],"['Brightening', 'Sun Protection']","https://media6.ppl-media.com/tr:h-235,w-235,c-at_max,dpr-2,q-40/static/img/product/343877/vitamin-c-daily-glow-sunscreen-with-vitamin-c-and-turmeric-for-sun-protection-and-glow-50-g-33_10_display_1719221139_b9182d38.jpg",4.0
"Dot & KeyCICA Calming Niacinamide Sunscreen with SPF 50 PA+++ | In-Vivo Tested Face Sunscreen for Oily, Acne Prone & Sensitive Skin | 50 gm",https://www.purplle.com/product/dot-and-key-cica-calming-niacinamide-sunscreen-spf-50-pa-50-g-11-14-59-84,Sunscreen,"['""assets"":[{""tag"":""link""', '""key"":""/_build/assets/usesmartnavigation-bmroytop.js""', '""rel"":""modulepreload""}}', '{""tag"":""link""', '""attrs"":{""href"":""/_build/assets/components-5wf9qqjy.js""', '""key"":""/_build/assets/components-5wf9qqjy.js""', '""rel"":""modulepreload""}}', '{""tag"":""link""', '""attrs"":{""href"":""/_build/assets/pagenotfound-bbdwtpjw.js""', '""key"":""/_build/assets/pagenotfound-bbdwtpjw.js""', '""rel"":""modulepreload""}}', '{""tag"":""link""', '""attrs"":{""href"":""/_build/assets/_...404_-xmf9mhmb.js""', '""key"":""/_build/assets/_...404_-xmf9mhmb.js""', '""rel"":""modulepreload""}}]}', '""assets"":[{""tag"":""link""', '""key"":""/_build/assets/usesmartnavigation-bmroytop.js""', '""rel"":""modulepreload""}}', '{""tag"":""link""', '""attrs"":{""href"":""/_build/assets/index-7er4qylq.js""', '""key"":""/_build/assets/index-7er4qylq.js""', '""rel"":""modulepreload""}}', '{""tag"":""link""', '""attrs"":{""href"":""/_build/assets/clientonly-d1fjovkf.js""', '""key"":""/_build/assets/clientonly-d1fjovkf.js""', '""rel"":""modulepreload""}}', '{""tag"":""link""', '""key"":""/_build/assets/messages-constants-z6vejtfy.js""', '""rel"":""modulepreload""}}', '{""tag"":""link""', '""key"":""/_build/assets/productcomponentservice-bc4phihy.js""', '""rel"":""modulepreload""}}', '{""tag"":""link""', '""attrs"":{""href"":""/_build/assets/pincodeservice-cwg1eohy.js""', '""key"":""/_build/assets/pincodeservice-cwg1eohy.js""', '""rel"":""modulepreload""}}', '{""tag"":""link""', '""attrs"":{""href"":""/_build/assets/footercontext-db_dozxt.js""', '""key"":""/_build/assets/footercontext-db_dozxt.js""', '""rel"":""modulepreload""}}', '{""tag"":""link""', '""attrs"":{""href"":""/_build/assets/spinner-c3apypkz.js""', '""key"":""/_build/assets/spinner-c3apypkz.js""', '""rel"":""modulepreload""}}', '{""tag"":""link""', '""attrs"":{""href"":""/_build/assets/index-c97xlmg_.js""', '""key"":""/_build/assets/index-c97xlmg_.js""', '""rel"":""modulepreload""}}', '{""tag"":""link""', '""attrs"":{""href"":""/_build/assets/components-5wf9qqjy.js""', '""key"":""/_build/assets/components-5wf9qqjy.js""', '""rel"":""modulepreload""}}', '{""tag"":""link""', '""key"":""/_build/assets/productdetailspage-s-69bauu.js""', '""rel"":""modulepreload""}}', '{""tag"":""link""', '""attrs"":{""href"":""/_build/assets/_...rest_-b5owslnu.js""', '""key"":""/_build/assets/_...rest_-b5owslnu.js""', '""rel"":""modulepreload""}}]}', '""assets"":[{""tag"":""link""', '""key"":""/_build/assets/usesmartnavigation-bmroytop.js""', '""rel"":""modulepreload""}}', '{""tag"":""link""', '""attrs"":{""href"":""/_build/assets/index-7er4qylq.js""', '""key"":""/_build/assets/index-7er4qylq.js""', '""rel"":""modulepreload""}}', '{""tag"":""link""', '""attrs"":{""href"":""/_build/assets/clientonly-d1fjovkf.js""', '""key"":""/_build/assets/clientonly-d1fjovkf.js""', '""rel"":""modulepreload""}}', '{""tag"":""link""', '""key"":""/_build/assets/messages-constants-z6vejtfy.js""', '""rel"":""modulepreload""}}', '{""tag"":""link""', '""key"":""/_build/assets/productcomponentservice-bc4phihy.js""', '""rel"":""modulepreload""}}', '{""tag"":""link""', '""attrs"":{""href"":""/_build/assets/pincodeservice-cwg1eohy.js""', '""key"":""/_build/assets/pincodeservice-cwg1eohy.js""', '""rel"":""modulepreload""}}', '{""tag"":""link""', '""attrs"":{""href"":""/_build/assets/footercontext-db_dozxt.js""', '""key"":""/_build/assets/footercontext-db_dozxt.js""', '""rel"":""modulepreload""}}', '{""tag"":""link""', '""attrs"":{""href"":""/_build/assets/spinner-c3apypkz.js""', '""key"":""/_build/assets/spinner-c3apypkz.js""', '""rel"":""modulepreload""}}', '{""tag"":""link""', '""attrs"":{""href"":""/_build/assets/index-c97xlmg_.js""', '""key"":""/_build/assets/index-c97xlmg_.js""', '""rel"":""modulepreload""}}', '{""tag"":""link""', '""attrs"":{""href"":""/_build/assets/components-5wf9qqjy.js""', '""key"":""/_build/assets/components-5wf9qqjy.js""', '""rel"":""modulepreload""}}', '{""tag"":""link""', '""key"":""/_build/assets/productdetailspage-s-69bauu.js""', '""rel"":""modulepreload""}}', '{""tag"":""link""', '""attrs"":{""href"":""/_build/assets/index-b5owslnu.js""', '""key"":""/_build/assets/index-b5owslnu.js""', '""rel"":""modulepreload""}}]}', '""assets"":[{""tag"":""link""', '""key"":""/_build/assets/usesmartnavigation-bmroytop.js""', '""rel"":""modulepreload""}}', '{""tag"":""link""', '""attrs"":{""href"":""/_build/assets/index-7er4qylq.js""', '""key"":""/_build/assets/index-7er4qylq.js""', '""rel"":""modulepreload""}}', '{""tag"":""link""', '""key"":""/_build/assets/messages-constants-z6vejtfy.js""', '""rel"":""modulepreload""}}', '{""tag"":""link""', '""key"":""/_build/assets/productcomponentservice-bc4phihy.js""', '""rel"":""modulepreload""}}', '{""tag"":""link""', '""attrs"":{""href"":""/_build/assets/pincodeservice-cwg1eohy.js""', '""key"":""/_build/assets/pincodeservice-cwg1eohy.js""', '""rel"":""modulepreload""}}', '{""tag"":""link""', '""key"":""/_build/assets/productstickycard-14uarb1g.js""', '""rel"":""modulepreload""}}', '{""tag"":""link""', '""attrs"":{""href"":""/_build/assets/footercontext-db_dozxt.js""', '""key"":""/_build/assets/footercontext-db_dozxt.js""', '""rel"":""modulepreload""}}', '{""tag"":""link""', '""key"":""/_build/assets/customerhighlights-cupuw_gm.js""', '""rel"":""modulepreload""}}', '{""tag"":""link""', '""attrs"":{""href"":""/_build/assets/reviews-dlwnskh3.js""', '""key"":""/_build/assets/reviews-dlwnskh3.js""', '""rel"":""modulepreload""}}]}', '""assets"":[{""tag"":""link""', '""key"":""/_build/assets/usesmartnavigation-bmroytop.js""', '""rel"":""modulepreload""}}', '{""tag"":""link""', '""attrs"":{""href"":""/_build/assets/index-7er4qylq.js""', '""key"":""/_build/assets/index-7er4qylq.js""', '""rel"":""modulepreload""}}', '{""tag"":""link""', '""attrs"":{""href"":""/_build/assets/clientonly-d1fjovkf.js""', '""key"":""/_build/assets/clientonly-d1fjovkf.js""', '""rel"":""modulepreload""}}', '{""tag"":""link""', '""key"":""/_build/assets/messages-constants-z6vejtfy.js""', '""rel"":""modulepreload""}}', '{""tag"":""link""', '""key"":""/_build/assets/productcomponentservice-bc4phihy.js""', '""rel"":""modulepreload""}}', '{""tag"":""link""', '""attrs"":{""href"":""/_build/assets/buttonclose-cxfu_71i.js""', '""key"":""/_build/assets/buttonclose-cxfu_71i.js""', '""rel"":""modulepreload""}}', '{""tag"":""link""', '""attrs"":{""href"":""/_build/assets/writereview-dtoi_lzx.js""', '""key"":""/_build/assets/writereview-dtoi_lzx.js""', '""rel"":""modulepreload""}}]}', '""assets"":[{""tag"":""link""', '""attrs"":{""href"":""/_build/assets/client-dkyiygii.css""', '""key"":""/_build/assets/client-dkyiygii.css""', '""rel"":""stylesheet""', '""precendence"":""high""}}', '{""tag"":""link""', '""key"":""/_build/assets/usesmartnavigation-bmroytop.js""', '""rel"":""modulepreload""}}', '{""tag"":""link""', '""attrs"":{""href"":""/_build/assets/index-7er4qylq.js""', '""key"":""/_build/assets/index-7er4qylq.js""', '""rel"":""modulepreload""}}', '{""tag"":""link""', '""attrs"":{""href"":""/_build/assets/footercontext-db_dozxt.js""', '""key"":""/_build/assets/footercontext-db_dozxt.js""', '""rel"":""modulepreload""}}', '{""tag"":""link""', '""attrs"":{""href"":""/_build/assets/clientonly-d1fjovkf.js""', '""key"":""/_build/assets/clientonly-d1fjovkf.js""', '""rel"":""modulepreload""}}', '{""tag"":""link""', '""attrs"":{""href"":""/_build/assets/client-curg4vdo.js""', '""key"":""/_build/assets/client-curg4vdo.js""', '""rel"":""modulepreload""}}]}}']",NPR 619,"['Oily', 'Sensitive', 'Acne-prone']","['Acne Control', 'Soothing', 'Sun Protection', 'Brightening']","https://media6.ppl-media.com/tr:h-235,w-235,c-at_max,dpr-2,q-40/static/img/product/374624/dot-and-key-cica-calming-niacinamide-sunscreen-spf-50-pa-50-g-11-14-59-84_1_display_1771831845_7e8878de.jpg",4.3
"LakmeSunscreen Gel SPF 50 PA+++Niacinamide, Water-Light, For Normal to Oily Skin,No White Cast 50 gm",https://www.purplle.com/product/lakme-sunscreen-gel-spf-50-pa-niacinamide-water-light-for-normal-to-oily-skin-no-white-cast-50-gm-11,Sunscreen,[],NPR 360,"['Oily', 'Normal']","['Sun Protection', 'Brightening']","https://media6.ppl-media.com/tr:h-235,w-235,c-at_max,dpr-2,q-40/static/img/product/408691/lakme-sunscreen-gel-spf-50-pa-niacinamide-water-light-for-normal-to-oily-skin-no-white-cast-50-gm_1_display_1775126988_5d393c0f.jpg",4.1
LivonHair Gain Tonic (150 ml),https://www.purplle.com/product/livon-hair-gain-tonic-150-ml,Sunscreen,[],"NPR 1,096",['Normal'],['Brightening'],"https://media6.ppl-media.com/tr:h-235,w-235,c-at_max,dpr-2,q-40/static/img/product/6604/livon-hair-gain-tonic-150-ml_1_display_1445927320_24a12610.jpg",4.1
