product_name,product_url,product_type,clean_ingredients,suitable_skin,notable_effects
"Acne.org


Aha+ (Glycolic Acid - 10%)",https://incidecoder.com/products/acne-org-aha-glycolic-acid-10,Unknown,,,
"Allies of Skin


Mandelic Pigmentation Corrector Night Serum",https://incidecoder.com/products/allies-of-skin-mandelic-pigmentation-corrector-night-serum,Unknown,,,
"Allies of Skin


Molecular Multi-Nutrient Day Cream",https://incidecoder.com/products/allies-of-skin-molecular-multi-nutrient-day-cream,Unknown,,,
"Allies of Skin


Molecular Saviour Mist",https://incidecoder.com/products/allies-of-skin-molecular-saviour-mist,Unknown,,,
"Alpha-H


Age Delay Cleansing Oil",https://incidecoder.com/products/alpha-h-age-delay-cleansing-oil,Unknown,,,
"Aurelia Probiotic Skincare


Revitalise & Glow Serum (Discontinued)",https://incidecoder.com/products/aurelia-probiotic-skincare-revitalise-glow-serum-discontinued,Unknown,,,
"Avene


Dermabsolu Reshaping Day Cream",https://incidecoder.com/products/avene-dermabsolu-reshaping-day-cream,Unknown,,,
"Avene


Tolerance Extreme Creme (Discontinued)",https://incidecoder.com/products/avene-tolerance-extreme-creme-discontinued,Unknown,,,
"BIOSSANCE


Squalane + Omega Repair Cream",https://incidecoder.com/products/biossance-squalane-omega-repair-cream,Unknown,,,
"Banila Co


Clean It Zero Nourishing",https://incidecoder.com/products/banila-co-clean-it-zero-nourishing,Unknown,,,
"Beauty Pie


Super Retinol (+ Vitamin C) Night Renewal Moisturizer",https://incidecoder.com/products/beauty-pie-super-retinol-vitamin-c-night-renewal-moisturizer,Unknown,,,
"Being


Hair Mask Mega No Frizz",https://incidecoder.com/products/being-hair-mask-mega-no-frizz,Unknown,,,
"Belif


The True Cream - Aqua Bomb",https://incidecoder.com/products/belif-aqua-bomb,Unknown,,,
"Bioderma


Hydrabio Creme",https://incidecoder.com/products/bioderma-hydrabio-creme,Unknown,,,
"Bioderma


Photoderm LEB Spf 30",https://incidecoder.com/products/bioderma-photoderm-leb-spf-30,Unknown,,,
"Bioeffect


EGF Serum",https://incidecoder.com/products/bioeffect-egf-serum,Unknown,,,
"Biologique Recherche


Lotion P50",https://incidecoder.com/products/biologique-recherche-lotion-p50,Unknown,,,
"Biologique Recherche


Lotion P50 1970",https://incidecoder.com/products/biologique-recherche-lotion-p50-1970,Unknown,,,
"Biologique Recherche


Serum Placenta",https://incidecoder.com/products/biologique-recherche-serum-placenta,Unknown,,,
"Biore


UV Aqua Rich Watery Essence Spf50+ Pa++++ (2019 formula)",https://incidecoder.com/products/biore-uv-watery-essence-spf50-pa,Unknown,,,
"Boots No7


Line Correcting Booster Serum",https://incidecoder.com/products/no7-line-correcting-booster-serum,Unknown,,,
"COSRX


Triple C Lightning Liquid",https://incidecoder.com/products/cosrx-triple-c-lightning-liquid,Unknown,,,
"Caudalie


Caudalie Premier Cru The Cream",https://incidecoder.com/products/caudalie-caudalie-premier-cru-the-cream,Unknown,,,
"Caudalie


Instant Foaming Cleanser",https://incidecoder.com/products/caudalie-instant-foaming-cleanser,Unknown,,,
"Caudalie


Premier Cru The Elixir",https://incidecoder.com/products/caudalie-premier-cru-the-elixir,Unknown,,,
"Caudalie


Vinoperfect Concentrated Brightening Essence",https://incidecoder.com/products/caudalie-vinoperfect-concentrated-brightening-essence,Unknown,,,
"Chagrin Valley Soap & Salve


Natural Soap: Coffee And Clove",https://incidecoder.com/products/chagrin-valley-soap-salve-natural-soap-coffee-and-clove,Unknown,,,
"Charlotte Tilbury


Charlotte'S Magic Cream (Discontinued)",https://incidecoder.com/products/charlotte-tilbury-charlottes-magic-cream-discontinued,Unknown,,,
"Clarins


Double Serum Complete Age Control Concentrate",https://incidecoder.com/products/clarins-double-serum-complete-age-control-concentrate,Unknown,,,
"Clinique


City Block Purifying Charcoal Clay Mask + Scrub",https://incidecoder.com/products/clinique-city-block-purifying-charcoal-clay-mask-scrub,Unknown,,,
"Clinique


Even Better Essence Lotion Combo-Oily Skin",https://incidecoder.com/products/clinique-even-better-essence-lotion-combo-oily-skin,Unknown,,,
"Clinique


Fresh Pressed Daily Booster With Pure Vitamin C 10% (Discontinued)",https://incidecoder.com/products/clinique-fresh-pressed-daily-booster-with-pure-vitamin-c-10-discontinued,Unknown,,,
"Clinique


Moisture Surge Hydrating Supercharged Concentrate",https://incidecoder.com/products/clinique-moisture-surge-hydrating-supercharged-concentrate,Unknown,,,
"Cosmedix


Refine Rx",https://incidecoder.com/products/cosmedix-refine-rx,Unknown,,,
"DHC


Deep Cleansing Oil",https://incidecoder.com/products/dhc-deep-cleansing-oil,Unknown,,,
"Derma E


Hydrating Eye Crème With Hyaluronic Acid And Pycnogenol",https://incidecoder.com/products/derma-e-hydrating-eye-creme-with-hyaluronic-acid-and-pycnogenol,Unknown,,,
"Dermalogica


Dermal Clay Cleanser",https://incidecoder.com/products/dermalogica-dermal-clay-cleanser,Unknown,,,
"Dermalogica


Map-15 Regenerator",https://incidecoder.com/products/dermalogica-map-15-regenerator,Unknown,,,
"Dermalogica


Overnight Retinol Repair",https://incidecoder.com/products/dermalogica-overnight-retinol-repair,Unknown,,,
"Dr Dennis Gross


Ferulic + Retinol Triple Correction Eye Serum (Discontinued)",https://incidecoder.com/products/dr-dennis-gross-ferulic-retinol-triple-correction-eye-serum-discontinued,Unknown,,,
"Dr Dennis Gross


Ferulic Acid + Retinol Brightening Solution",https://incidecoder.com/products/dr-dennis-gross-ferulic-acid-retinol-brightening-solution,Unknown,,,
"Dr Sam Bunting


Flawless Daily Sunscreen Spf 50",https://incidecoder.com/products/dr-sam-bunting-flawless-daily-sunscreen-spf-50,Unknown,,,
"Dr Sam Bunting


Flawless Moisturiser Light",https://incidecoder.com/products/dr-sam-bunting-flawless-moisturiser-light,Unknown,,,
"Dr. Barbara Stürm


Cleanser",https://incidecoder.com/products/dr-barbara-sturm-cleanser,Unknown,,,
"Dr. Jetske Ultee


Suncare Spf 30",https://incidecoder.com/products/dr-jetske-ultee-suncare-spf-30,Unknown,,,
"Drunk Elephant


B-Hydra Intensive Hydration Serum",https://incidecoder.com/products/drunk-elephant-b-hydra-intensive-hydration-serum,Unknown,,,
"Drunk Elephant


C-Tango Multivitamin Eye Cream",https://incidecoder.com/products/drunk-elephant-c-tango-multivitamin-eye-cream,Unknown,,,
"Drunk Elephant


F-Balm™ Electrolyte Waterfacial",https://incidecoder.com/products/drunk-elephant-f-balm-tm-electrolyte-waterfacial,Unknown,,,
"Drunk Elephant


Lala Retro Whipped Cream (Discontinued)",https://incidecoder.com/products/drunk-elephant-lala-retro-whipped-cream-discontinued,Unknown,,,
"Drunk Elephant


Shaba Complex Eye Serum",https://incidecoder.com/products/drunk-elephant-shaba-complex-eye-serum,Unknown,,,
"Drunk Elephant


Umbra  Sheer Physical  Sunscreen Spf 30 (Discontinued)",https://incidecoder.com/products/drunk-elephant-umbra-sheer-physical-sunscreen-spf-30-discontinued,Unknown,,,
"Elizabeth Arden


Retinol Ceramide Capsules",https://incidecoder.com/products/elizabeth-arden-retinol-ceramide-capsules,Unknown,,,
"EltaMD


Am Therapy Facial Moisturizer",https://incidecoder.com/products/eltamd-am-therapy-facial-moisturizer,Unknown,,,
"Erasa


Xep-30",https://incidecoder.com/products/erasa-xep-30,Unknown,,,
"Estée Lauder


Advanced Night Repair Synchronized Recovery Complex Ii",https://incidecoder.com/products/estee-lauder-advanced-night-repair-synchronized-recovery-complex-ii,Unknown,,,
"Etude House


Soon Jung Hydro Barrier Cream (Discontinued)",https://incidecoder.com/products/etude-house-soonjung-hydro-barrier-cream-discontinued,Unknown,,,
"Eucerin


Aquaphor Original Formula",https://incidecoder.com/products/eucerin-aquaphor-original-formula,Unknown,,,
"Eucerin


Dermopurifyer Cleanser",https://incidecoder.com/products/eucerin-dermopurifyer-cleanser,Unknown,,,
"GRAVICH


Moisturizer Complex 5x Ceramide Gel",https://incidecoder.com/products/gravich-moisturizer-complex-5x-ceramide-gel,Unknown,,,
"Glossier


Priming Moisturizer",https://incidecoder.com/products/glossier-priming-moisturizer,Unknown,,,
"Glossier


Priming Moisturizer Rich (Discontinued)",https://incidecoder.com/products/glossier-priming-moisturizer-rich-discontinued,Unknown,,,
"Hada Labo


Gokujyun Premium Hyaluronic Acid Lotion",https://incidecoder.com/products/hada-labo-gokujyun-premium-hyaluronic-acid-lotion,Unknown,,,
"Hada Labo


Skin Plumping Gel Cream",https://incidecoder.com/products/hada-labo-skin-plumping-gel-cream,Unknown,,,
"Heliocare


360° Mineral Fluid Spf 50",https://incidecoder.com/products/heliocare-360deg-mineral-fluid-spf-50,Unknown,,,
"Holy Snails


Snowbang Essence",https://incidecoder.com/products/holy-snails-snowbang-essence,Unknown,,,
"Hylamide


Booster;C25",https://incidecoder.com/products/hylamide-booster-c25,Unknown,,,
"Hylamide


Booster;Glow (Discontinued)",https://incidecoder.com/products/hylamide-booster-glow-discontinued,Unknown,,,
"Hylamide


Booster;Pore Control (Discontinued)",https://incidecoder.com/products/hylamide-booster-pore-control-discontinued,Unknown,,,
"Hylamide


Ha Blur",https://incidecoder.com/products/hylamide-ha-blur,Unknown,,,
"Indeed Labs


Hydraluron Serum",https://incidecoder.com/products/indeed-labs-hydraluron-serum,Unknown,,,
"Indie Lee


Swiss Apple Facial Serum",https://incidecoder.com/products/indie-lee-swiss-apple-facial-serum,Unknown,,,
"January Labs


Moisture Balancing Lotion (Discontinued)",https://incidecoder.com/products/january-labs-moisture-balancing-lotion-discontinued,Unknown,,,
"Kiehl’s


Midnight Recovery Concentrate (Discontinued)",https://incidecoder.com/products/kiehls-midnight-recovery-concentrate-discontinued,Unknown,,,
"Krave Beauty


Beet The Sun SPF50+ PA++++ / The Beet Shield",https://incidecoder.com/products/krave-beauty-beet-the-sun,Unknown,,,
"Kylie Cosmetics


Vitamin C Serum",https://incidecoder.com/products/kylie-cosmetics-vitamin-c-serum,Unknown,,,
"Kypris


Antioxidant Dew",https://incidecoder.com/products/kypris-antioxidant-dew,Unknown,,,
"Kypris


Cleanser Concentrate",https://incidecoder.com/products/kypris-cleanser-concentrate,Unknown,,,
"Lixir


Good Skin Day Shaker",https://incidecoder.com/products/lixir-good-skin-day-shaker,Unknown,,,
"Lixir


Universal Emulsion (Discontinued)",https://incidecoder.com/products/lixir-universal-emulsion-discontinued,Unknown,,,
"Lixir


Vitamin C Paste",https://incidecoder.com/products/lixir-vitamin-c-paste,Unknown,,,
Login,https://incidecoder.com/products/create,Unknown,,,
"L´Occitane


Almond Milk Concentrate",https://incidecoder.com/products/loccitane-almond-milk-concentrate,Unknown,,,
"MAC


Lightful C Marine-Bright Formula Softening Lotion",https://incidecoder.com/products/mac-lightful-c-marine-bright-formula-softening-lotion,Unknown,,,
"Marcelle


Cheek Loving Cheek And Lip Multi-stick",https://incidecoder.com/products/marcelle-cheek-loving-cheek-and-lip-multi-stick,Unknown,,,
"Medik8


R-Retionate Youth Activating Cream",https://incidecoder.com/products/medik8-r-retionate-youth-activating-cream,Unknown,,,
"Missha


Time Revolution First Treatment Essence Intensive",https://incidecoder.com/products/missha-time-revolution-first-treatment-essence-intensive,Unknown,,,
"Mizon


Snail Recovery Gel Cream (Discontinued)",https://incidecoder.com/products/mizon-snail-recovery-gel-cream-discontinued,Unknown,,,
"NIOD


Copper Amino Isolate Serum 2:1 (Discontinued)",https://incidecoder.com/products/niod-copper-amino-isolate-serum-2-1-discontinued,Unknown,,,
"NIOD


Lip Bio-Lipid Concentrate",https://incidecoder.com/products/niod-lip-bio-lipid-concentrate,Unknown,,,
"NIOD


Low-Viscosity Cleaning Ester",https://incidecoder.com/products/niod-low-viscosity-cleaning-ester,Unknown,,,
"NIOD


Modulating Glucosides",https://incidecoder.com/products/niod-modulating-glucosides,Unknown,,,
"NIOD


Neck Elasticity Catalist",https://incidecoder.com/products/niod-neck-elasticity-catalist,Unknown,,,
"NIOD


Non-Acid Acid Precursor 15%",https://incidecoder.com/products/niod-non-acid-acid-precursor-15,Unknown,,,
"NIOD


Re: Pigment",https://incidecoder.com/products/niod-re-pigment,Unknown,,,
"NIOD


Voicemail Masque",https://incidecoder.com/products/niod-voicemail-masque,Unknown,,,
"NYDG


Colloidal Oatmeal Cleanser",https://incidecoder.com/products/nydg-colloidal-oatmeal-cleanser,Unknown,,,
"NYDG


Formula 119 Cream",https://incidecoder.com/products/nydg-formula-119-cream,Unknown,,,
"NYDG


Ultra-Light Hydra-Gel",https://incidecoder.com/products/nydg-ultra-light-hydra-gel,Unknown,,,
"Natura


Seve Óleo De Banho Amêndoas E Orquídea Negra",https://incidecoder.com/products/natura-seve-oleo-de-banho-amendoas-e-orquidea-negra,Unknown,,,
New on INCIDecoder,https://incidecoder.com/products/new,Unknown,,,
"Nude


Perfect Cleanse Omega Cleansing Jelly",https://incidecoder.com/products/nude-perfect-cleanse-omega-cleansing-jelly,Unknown,,,
"OSEA


Atmosphere Protection Cream",https://incidecoder.com/products/osea-atmosphere-protection-cream,Unknown,,,
"Patrick Ta


Major Glow Nourishing Brozing Body Oil",https://incidecoder.com/products/patrick-ta-major-glow-nourishing-brozing-body-oil,Unknown,,,
"Paula's Choice


Boost C15 Super Booster",https://incidecoder.com/products/paulas-choice-resist-c15-super-booster,Unknown,,,
"Paula's Choice


Calm Soothing Toner For Normal To Dry Skin",https://incidecoder.com/products/paulas-choice-calm-redness-relief-toner-for-normal-to-dry-skin,Unknown,,,
"Paula's Choice


Clinical Ceramide Enriched Firming Eye Cream",https://incidecoder.com/products/paulas-choice-ceramide-enriched-firming-eye-cream,Unknown,,,
"Paula's Choice


Clinical Ceramide-Enriched Firming Moisturizer (Discontinued)",https://incidecoder.com/products/paulas-choice-clinical-ceramide-enriched-firming-moisturizer-discontinued,Unknown,,,
"Paula's Choice


Defense Antioxidant Pore Purifier",https://incidecoder.com/products/paulas-choice-defense-antioxidant-pore-purifier,Unknown,,,
"Paula's Choice


Defense Nightly Reconditioning Moisturizer",https://incidecoder.com/products/paulas-choice-defense-nightly-reconditioning-moisturizer,Unknown,,,
"Paula's Choice


Omega + Complex Eye Cream",https://incidecoder.com/products/paulas-choice-omega-complex-eye-cream,Unknown,,,
"Paula's Choice


Resist Brightening Essence Treatment",https://incidecoder.com/products/paulas-choice-resist-brightening-essence-treatment,Unknown,,,
"Paula's Choice


Resist Perfectly Balanced Foaming Cleanser",https://incidecoder.com/products/paulas-choice-resist-perfectly-balanced-foaming-cleanser,Unknown,,,
"Paula's Choice


Resist Super-Light Wrinkle Defense Spf 30",https://incidecoder.com/products/paulas-choice-resist-super-light-wrinkle-defense-spf-30,Unknown,,,
"Paula's Choice


Resist Youth-Extending Daily Hydrating Fluid Spf 50",https://incidecoder.com/products/paulas-choice-resist-youth-extending-daily-hydrating-fluid-spf-50,Unknown,,,
"Paula's Choice


Skin Perfecting 2% Bha Liquid Exfoliant",https://incidecoder.com/products/paulas-choice-skin-perfecting-2-bha-liquid-exfoliant,Unknown,,,
"Paula's Choice


Skin Recovery Super Antioxidant Concentrate Serum With Retinol (Discontinued)",https://incidecoder.com/products/paulas-choice-skin-recovery-super-antioxidant-concentrate-serum-with-retinol-discontinued,Unknown,,,
2% BHA Gel Exfoliant,https://www.paulaschoice.com/skin-perfecting-2pct-bha-gel-exfoliant/204.html,Exfoliant,,,
2% BHA Liquid Exfoliant,https://www.paulaschoice.com/skin-perfecting-2pct-bha-liquid-exfoliant/201.html,Toner,,,
2% BHA Lotion Exfoliant,https://www.paulaschoice.com/skin-perfecting-2pct-bha-lotion-exfoliant/205.html,Exfoliant,,,
25% AHA + 2% BHA Exfoliant Peel,https://www.paulaschoice.com/skin-perfecting-25pct-aha-and-2pct-bha-exfoliant-peel/9560.html,Exfoliant,,,
25% Vitamin C + Glutathione Clinical Serum,https://www.paulaschoice.com/25pct-vitamin-c-and-glutathione-clinical-serum/1490.html,Serum,,,
5% Vitamin C Sheer Moisturizer SPF 50,https://www.paulaschoice.com/5pct-vitamin-c-sheer-moisturizer-spf-50/136.html,Sunscreen,,,
6% Mandelic Acid + 2% Lactic Acid Liquid Exfoliant,https://www.paulaschoice.com/skin-perfecting-6pct-mandelic-acid-and-2pct-lactic-acid-liquid-exfoliant/1470.html,Exfoliant,,,
7% Ectoin + Hyaluronic Acid Milky Hydrating Serum,https://www.paulaschoice.com/7pct-ectoin-and-hyaluronic-acid-milky-hydrating-serum/137.html,Serum,,,
8% AHA Gel Exfoliant,https://www.paulaschoice.com/skin-perfecting-8pct-aha-gel-exfoliant/190.html,Exfoliant,,,
8% AHA Lotion Exfoliant,https://www.paulaschoice.com/skin-perfecting-8pct-aha-lotion-exfoliant/206.html,Exfoliant,,,
Acne Body Spray,https://www.paulaschoice.com/clear-acne-body-spray/624.html,Exfoliant,,,
Advanced Pore-Refining Treatment 4% BHA,https://www.paulaschoice.com/resist-advanced-pore-refining-treatment-4pct-bha/7791.html,Exfoliant,,,
Advanced Replenishing Toner,https://www.paulaschoice.com/resist-advanced-replenishing-toner/767.html,Toner,,,
Advanced Smoothing Treatment 10% AHA,https://www.paulaschoice.com/resist-advanced-smoothing-treatment-10pct-aha/7651.html,Exfoliant,,,
Anti-Aging Clear Skin Hydrator,https://www.paulaschoice.com/resist-anti-aging-clear-skin-hydrator/769.html,Moisturizer,,,
Anti-Aging Eye Cream,https://www.paulaschoice.com/resist-anti-aging-eye-cream/790.html,Eye Cream,,,
Anti-Aging Eye Gel,https://www.paulaschoice.com/resist-anti-aging-eye-gel/214.html,Eye Cream,,,
Anti-Aging Lip Gloss SPF 40,https://www.paulaschoice.com/anti-aging-lip-gloss-spf-40/924.html,Sunscreen,,,
Antioxidant Enriched Natural Moisturizer,https://www.paulaschoice.com/earth-sourced-antioxidant-enriched-natural-moisturizer/852.html,Moisturizer,,,
Antioxidant Pore Purifier,https://www.paulaschoice.com/defense-antioxidant-pore-purifier/220.html,Serum,,,
BHA 9 Treatment,https://www.paulaschoice.com/skin-perfecting-bha-9-treatment/773.html,Exfoliant,,,
Barrier Protect Mineral Sunscreen SPF 30,https://www.paulaschoice.com/calm-barrier-protect-mineral-sunscreen-spf-30/9200.html,Sunscreen,,,
Barrier Repair Advanced Moisturizer,https://www.paulaschoice.com/resist-barrier-repair-advanced-moisturizer/2240.html,Moisturizer,,,
C5 Super Boost Eye Cream,https://www.paulaschoice.com/c5-super-boost-eye-cream/101.html,Eye Cream,,,
C5 Super Boost Moisturizer,https://www.paulaschoice.com/c5-super-boost-moisturizer/290.html,Moisturizer,,,
CellularYouth™ Age-Disrupting Longevity Serum,https://www.paulaschoice.com/cellularyouth%E2%84%A2-age-disrupting-longevity-serum/225.html,Serum,,,
Ceramide-Enriched Firming Eye Cream,https://www.paulaschoice.com/clinical-ceramide-enriched-firming-eye-cream/216.html,Eye Cream,,,
Ceramide-Enriched Firming Moisturizer,https://www.paulaschoice.com/clinical-ceramide-enriched-firming-moisturizer/212.html,Moisturizer,,,
Daily Moisturizing Lotion SPF 30,https://www.paulaschoice.com/skin-recovery-daily-moisturizing-lotion-spf-30/146.html,Sunscreen,,,
Daily Pore-Refining Treatment With 2% BHA,https://www.paulaschoice.com/resist-daily-pore-refining-treatment-with-2pct-bha/782.html,Exfoliant,,,
Daily Smoothing Treatment with 5% AHA,https://www.paulaschoice.com/resist-daily-smoothing-treatment-with-5pct-aha/766.html,Exfoliant,,,
Discoloration Repair Serum,https://www.paulaschoice.com/clinical-discoloration-repair-serum/804.html,Serum,,,
Enriched Calming Toner,https://www.paulaschoice.com/skin-recovery-enriched-calming-toner/125.html,Toner,,,
Essential Glow Moisturizer SPF 30,https://www.paulaschoice.com/defense-essential-glow-moisturizer-spf-30/223.html,Sunscreen,,,
Explore Exfoliation Mini Kit,https://www.paulaschoice.com/explore-exfoliation-mini-kit/34195.html,Exfoliant,,,
Extra Care Non-Greasy Sunscreen SPF 50,https://www.paulaschoice.com/extra-care-non-greasy-sunscreen-spf-50/232.html,Sunscreen,,,
Extra Strength Anti-Redness Exfoliating Solution With 2% Salicylic Acid,https://www.paulaschoice.com/clear-extra-strength-anti-redness-exfoliating-solution-with-2pct-salicylic-acid/621.html,Exfoliant,,,
GENTLE TOUCH Makeup Remover,https://www.paulaschoice.com/gentle-touch-makeup-remover/310.html,Cleanser,,,
Hydrating Gel-to-Cream Cleanser,https://www.paulaschoice.com/defense-hydrating-gel-to-cream-cleanser/221.html,Cleanser,,,
Hydrating Treatment Mask,https://www.paulaschoice.com/skin-recovery-hydrating-treatment-mask/280.html,Mask,,,
Intensive Repair Cream,https://www.paulaschoice.com/resist-intensive-repair-cream/781.html,Moisturizer,,,
Intensive Wrinkle-Repair Retinol Serum,https://www.paulaschoice.com/resist-intensive-wrinkle-repair-retinol-serum/771.html,Serum,,,
Invisible Finish Moisture Gel,https://www.paulaschoice.com/skin-balancing-invisible-finish-moisture-gel/340.html,Moisturizer,,,
Limited-Edition Team SPF Strapback Hat,https://www.paulaschoice.com/limited-edition-team-spf-strapback-hat/9978.html,Sunscreen,,,
Lipscreen SPF 50,https://www.paulaschoice.com/lipscreen-spf-50/256.html,Sunscreen,,,
MOISTURE BOOST Hydrating Treatment Cream,https://www.paulaschoice.com/moisture-boost-hydrating-treatment-cream/350.html,Moisturizer,,,
Niacinamide 20% Treatment,https://www.paulaschoice.com/clinical-niacinamide-20pct-treatment/803.html,Serum,,,
Nourishing Milky Toner,https://www.paulaschoice.com/calm-nourishing-milky-toner/9230.html,Toner,,,
Oil-Absorbing Mask,https://www.paulaschoice.com/skin-balancing-oil-absorbing-mask/275.html,Mask,,,
Oil-Free Moisturizer,https://www.paulaschoice.com/clear-oil-free-moisturizer/380.html,Moisturizer,,,
Oil-Reducing Cleanser,https://www.paulaschoice.com/skin-balancing-oil-reducing-cleanser/115.html,Cleanser,,,
Omega+ Complex Cleansing Balm,https://www.paulaschoice.com/omegaand-complex-cleansing-balm/338.html,Cleanser,,,
Omega+ Complex Eye Cream,https://www.paulaschoice.com/omegaand-complex-eye-cream/7500.html,Eye Cream,,,
Omega+ Complex Moisturizer,https://www.paulaschoice.com/omegaand-complex-moisturizer/339.html,Moisturizer,,,
Omega+ Complex Serum,https://www.paulaschoice.com/omegaand-complex-serum/213.html,Serum,,,
Optimal Results Hydrating Cleanser,https://www.paulaschoice.com/resist-optimal-results-hydrating-cleanser/760.html,Cleanser,,,
Perfect Cleansing Oil,https://www.paulaschoice.com/perfect-cleansing-oil/314.html,Cleanser,,,
Perfectly Balanced Foaming Cleanser,https://www.paulaschoice.com/resist-perfectly-balanced-foaming-cleanser/783.html,Cleanser,,,
Phytoestrogen Elasticity Renewal Serum,https://www.paulaschoice.com/clinical-phytoestrogen-elasticity-renewal-serum/219.html,Serum,,,
Pore Clarifying Charcoal Gel Mask,https://www.paulaschoice.com/pore-clarifying-charcoal-gel-mask/265.html,Mask,,,
Pore Normalizing Cleanser,https://www.paulaschoice.com/clear-pore-normalizing-cleanser/600.html,Cleanser,,,
Pore-Reducing Toner,https://www.paulaschoice.com/skin-balancing-pore-reducing-toner/135.html,Toner,,,
Power Berry Serum,https://www.paulaschoice.com/earth-sourced-power-berry-serum/853.html,Serum,,,
Pro-Collagen Peptide Firming Eye Serum,https://www.paulaschoice.com/pro-collagen-peptide-firming-eye-serum/108.html,Eye Cream,,,
Pro-Collagen Peptide Plumping Moisturizer,https://www.paulaschoice.com/pro-collagen-peptide-plumping-moisturizer/1510.html,Moisturizer,,,
Radiance Renewal Mask,https://www.paulaschoice.com/radiance-renewal-mask/277.html,Mask,,,
Regular Strength Anti-Redness Exfoliating Solution With 2% Salicylic Acid,https://www.paulaschoice.com/clear-regular-strength-anti-redness-exfoliating-solution-with-2pct-salicylic-acid/620.html,Exfoliant,,,
Repairing Serum,https://www.paulaschoice.com/calm-repairing-serum/372.html,Serum,,,
Replenishing Moisturizer,https://www.paulaschoice.com/skin-recovery-replenishing-moisturizer/186.html,Moisturizer,,,
Rescue & Repair Intensive Moisturizer,https://www.paulaschoice.com/calm-rescue-and-repair-intensive-moisturizer/9250.html,Moisturizer,,,
Rescue & Repair Weightless Moisturizer,https://www.paulaschoice.com/calm-rescue-and-repair-weightless-moisturizer/9220.html,Moisturizer,,,
Reusable Cotton Rounds,https://www.paulaschoice.com/reusable-cotton-rounds/3029.html,Toner,,,
Skin Restoring Moisturizer with SPF 50,https://www.paulaschoice.com/resist-skin-restoring-moisturizer-with-spf-50/797.html,Sunscreen,,,
Skin Revealing Body Lotion 10% AHA,https://www.paulaschoice.com/skin-revealing-body-lotion-10pct-aha/590.html,Exfoliant,,,
Smoothing Primer Serum SPF 30,https://www.paulaschoice.com/smoothing-primer-serum-spf-30/9151.html,Sunscreen,,,
Softening Cream Cleanser,https://www.paulaschoice.com/skin-recovery-softening-cream-cleanser/105.html,Cleanser,,,
Super Antioxidant Concentrate Serum with Retinol,https://www.paulaschoice.com/skin-recovery-super-antioxidant-concentrate-serum-with-retinol/325.html,Serum,,,
Super Antioxidant Concentrate Serum with Retinol,https://www.paulaschoice.com/skin-balancing-super-antioxidant-concentrate-serum-with-retinol/335.html,Serum,,,
Super Antioxidant Serum,https://www.paulaschoice.com/resist-super-antioxidant-serum/764.html,Serum,,,
Super Hydrate Overnight Mask,https://www.paulaschoice.com/super-hydrate-overnight-mask/287.html,Mask,,,
Super-Light Wrinkle Defense SPF 30,https://www.paulaschoice.com/resist-super-light-wrinkle-defense-spf-30/776.html,Sunscreen,,,
The UnScrub,https://www.paulaschoice.com/the-unscrub/740.html,Cleanser,,,
Triple Active Total Repair Serum,https://www.paulaschoice.com/resist-triple-active-total-repair-serum/1020.html,Serum,,,
Ultra-Gentle Cleanser,https://www.paulaschoice.com/calm-ultra-gentle-cleanser/9190.html,Cleanser,,,
Ultra-Light Daily Hydrating Fluid SPF 30,https://www.paulaschoice.com/clear-ultra-light-daily-hydrating-fluid-spf-30and/613.html,Sunscreen,,,
Ultra-Light Super Antioxidant Concentrate Serum,https://www.paulaschoice.com/resist-ultra-light-super-antioxidant-concentrate-serum/774.html,Serum,,,
Ultra-Rich Moisturizer,https://www.paulaschoice.com/clinical-ultra-rich-moisturizer/557.html,Moisturizer,,,
Ultra-Rich Soothing Body Butter,https://www.paulaschoice.com/ultra-rich-soothing-body-butter/556.html,Moisturizer,,,
Ultra-Sheer Daily Defense Broad Spectrum SPF 30,https://www.paulaschoice.com/skin-balancing-ultra-sheer-daily-defense-broad-spectrum-spf-30/156.html,Sunscreen,,,
Water-Infusing Electrolyte Moisturizer,https://www.paulaschoice.com/water-infusing-electrolyte-moisturizer/700.html,Moisturizer,,,
Weightless Advanced Repairing Toner,https://www.paulaschoice.com/resist-weightless-advanced-repairing-toner/778.html,Toner,,,
Weightless Body Treatment 2% BHA,https://www.paulaschoice.com/weightless-body-treatment-2pct-bha/570.html,Exfoliant,,,
Youth-Extending Daily Hydrating Fluid SPF 50,https://www.paulaschoice.com/resist-youth-extending-daily-hydrating-fluid-spf-50/780.html,Sunscreen,,,
"Perricone MD


No Foundation Foundation",https://incidecoder.com/products/perricone-md-no-foundation-foundation,Unknown,,,
"Perricone MD


Pre:Empt Refreshing Shower Mask",https://incidecoder.com/products/perrricone-md-pre-empt-refreshing-shower-mask,Unknown,,,
"Pestle & Mortar


Hydrate",https://incidecoder.com/products/pestle-mortar-hydrate,Unknown,,,
"Peter Thomas Roth


Retinol Fusion Pm Moisturizer",https://incidecoder.com/products/peter-thomas-roth-retinol-fusion-pm-moisturizer,Unknown,,,
"Peter Thomas Roth


Un-Wrinkle Turbo Line Smoothing Toning Lotion",https://incidecoder.com/products/peter-thomas-roth-un-wrinkle-turbo-line-smoothing-toning-lotion,Unknown,,,
"Pixi


Peel & Polish",https://incidecoder.com/products/pixi-peel-polish,Unknown,,,
"Pixi


Pixi + Caroline Hirons Double Cleanse (Solid)",https://incidecoder.com/products/pixi-pixi-caroline-hirons-double-cleanse-solid,Unknown,,,
"Prime Prometics


Color Changing Foundation",https://incidecoder.com/products/prime-prometics-color-changing-foundation,Unknown,,,
"Pyunkang Yul


Balancing Gel",https://incidecoder.com/products/pyunkang-yul-balancing-gel,Unknown,,,
"Quo


Blush Balm",https://incidecoder.com/products/quo-blush-balm,Unknown,,,
"Restylane


Night Serum",https://incidecoder.com/products/restylane-night-serum,Unknown,,,
"Rodan + Fields


Redefine Overnight Restorative Cream",https://incidecoder.com/products/rodan-fields-redefine-overnight-restorative-cream,Unknown,,,
"Sarah Chapman


Skinesis Intense Hydrating Booster",https://incidecoder.com/products/sarah-chapman-skinesis-intense-hydrating-booster,Unknown,,,
"Sebamed


Unreine Haut Pflegegel",https://incidecoder.com/products/sebamed-unreine-haut-pflegegel,Unknown,,,
"SheaMoisture


Strengthen & Restore Leave-in Conditioner",https://incidecoder.com/products/sheamoisture-strengthen-restore-leave-in-conditioner,Unknown,,,
"Simple


Clear Skin Oil Balancing Moisturiser",https://incidecoder.com/products/simple-clear-skin-oil-balancing-moisturiser,Unknown,,,
"Simple


Kind To Skin+ Protecting Moisture Cream Spf30",https://incidecoder.com/products/simple-kind-to-skin-protecting-moisture-cream-spf30,Unknown,,,
"Sisley


Black Rose Cream Mask (Discontinued)",https://incidecoder.com/products/sisley-black-rose-cream-mask-discontinued,Unknown,,,
"Skin Actives


Collagen Serum",https://incidecoder.com/products/skin-actives-collagen-serum,Unknown,,,
"SkinCeuticals


C E Ferulic",https://incidecoder.com/products/skinceuticals-c-e-ferulic,Unknown,,,
"SkinCeuticals


Physical Fusion Uv Defense Spf50",https://incidecoder.com/products/skinceuticals-physical-fusion-uv-defense-spf50,Unknown,,,
"SkinCeuticals


Retinol 0.3",https://incidecoder.com/products/skinceuticals-retinol-0-3,Unknown,,,
"SkinCeuticals


Serum 10 Aox+",https://incidecoder.com/products/skinceuticals-serum-10-aox,Unknown,,,
"SkinCeuticals


Serum 20 AOX+",https://incidecoder.com/products/skinceuticals-serum-20-aox,Unknown,,,
"SkinCeuticals


Triple Lipid Restore 2:4:2",https://incidecoder.com/products/skinceuticals-triple-lipid-restore-2-4-2,Unknown,,,
"SkinMedica


Retinol Complex 1.0",https://incidecoder.com/products/skinmedica-retinol-complex-1-0,Unknown,,,
"Stratia


Lipid Gold",https://incidecoder.com/products/stratia-liquid-gold,Unknown,,,
"Su-Man


Purifying Cleansing Gel Oil",https://incidecoder.com/products/su-man-purifying-cleansing-gel-oil,Unknown,,,
"Sunday Riley


Good Genes Glycolic Acid Treatment (Eu)",https://incidecoder.com/products/sunday-riley-good-genes-glycolic-acid-treatment-eu,Unknown,,,
"Sunday Riley


Good Genes Lactic Acid Treatment",https://incidecoder.com/products/sunday-riley-good-genes-lactic-acid-treatment,Unknown,,,
"Super Facialist


Vitamin C+ Skin Renew Cleansing Oil",https://incidecoder.com/products/super-facialist-vitamin-c-skin-renew-cleansing-oil-2,Unknown,,,
"Superdrug


Collagen Conditioner",https://incidecoder.com/products/superdrug-collagen-conditioner,Unknown,,,
"Superdrug


Extracts Mallow Flower & Pink Clay Conditioner",https://incidecoder.com/products/superdrug-extracts-mallow-flower-pink-clay-conditioner,Unknown,,,
"Tata Harper


Illuminating Moisturiser",https://incidecoder.com/products/tata-harper-illuminating-moisturiser,Unknown,,,
"Tata Harper


Regenerating Cleanser",https://incidecoder.com/products/tata-harper-regenerating-cleanser,Unknown,,,
"Tatcha


Pure One Step Camellia Cleansing Oil",https://incidecoder.com/products/tatcha-pure-one-step-camellia-cleansing-oil,Unknown,,,
"The Inkey List


Multi-Biotic Moisturiser (Discontinued)",https://incidecoder.com/products/the-inkey-list-multi-biotic-discontinued,Unknown,,,
"The Inkey List


Retinol Serum",https://incidecoder.com/products/the-inkey-list-retinol-serum,Unknown,,,
"The Ordinary


100% Organic Cold-Pressed Moroccan Argan Oil",https://incidecoder.com/products/the-ordinary-100-organic-cold-pressed-moroccan-argan-oil,Unknown,,,
"The Ordinary


Alpha Arbutin 2% + Ha",https://incidecoder.com/products/the-ordinary-alpha-arbutin-2-ha,Unknown,,,
"The Ordinary


Alpha Lipoic Acid 5%",https://incidecoder.com/products/the-ordinary-alpha-lipoic-acid-5,Unknown,,,
"The Ordinary


Argireline Solution 10%",https://incidecoder.com/products/the-ordinary-argireline-solution-10,Unknown,,,
"The Ordinary


Ascorbyl Glucoside Solution 12%",https://incidecoder.com/products/the-ordinary-ascorbyl-glucoside-solution-12,Unknown,,,
"The Ordinary


Azelaic Acid Suspension 10%",https://incidecoder.com/products/the-ordinary-azelaic-acid-suspension-10,Unknown,,,
"The Ordinary


Buffet",https://incidecoder.com/products/the-ordinary-buffet,Unknown,,,
"The Ordinary


Buffet + Copper Peptides 1%",https://incidecoder.com/products/the-ordinary-buffet-copper-peptides-1,Unknown,,,
"The Ordinary


Euk 134 0.1%",https://incidecoder.com/products/the-ordinary-euk-134-0-1,Unknown,,,
"The Ordinary


High-Adherence Silicone Primer",https://incidecoder.com/products/the-ordinary-high-adherence-silicone-primer,Unknown,,,
"The Ordinary


High-Spreadability Fluid Primer",https://incidecoder.com/products/the-ordinary-high-spreadability-fluid-primer,Unknown,,,
"The Ordinary


Lactic Acid 10% + Ha",https://incidecoder.com/products/the-ordinary-lactic-acid-10-ha-3,Unknown,,,
"The Ordinary


Matrixyl 10% + Ha",https://incidecoder.com/products/the-ordinary-matrixyl-10-ha,Unknown,,,
"The Ordinary


Mineral Uv Filters Spf 30 With Antioxidants",https://incidecoder.com/products/the-ordinary-mineral-uv-filters-spf-30-with-antioxidants,Unknown,,,
"The Ordinary


Multi-Peptide Serum For Hair Density",https://incidecoder.com/products/the-ordinary-multi-peptide-serum-for-hair-density,Unknown,,,
"The Ordinary


Natural Moisturizing Factors + Ha",https://incidecoder.com/products/the-ordinary-natural-moisturizing-factors-ha,Unknown,,,
"The Ordinary


Resveratrol 3% + Ferulic Acid 3%",https://incidecoder.com/products/the-ordinary-resveratrol-3-ferulic-acid-3,Unknown,,,
"The Ordinary


Salicylic Acid 2% Solution",https://incidecoder.com/products/the-ordinary-salicylic-acid-2-solution,Unknown,,,
"The Ordinary


Vitamin C Suspension 23% + Ha Spheres 2%",https://incidecoder.com/products/the-ordinary-vitamin-c-suspension-23-ha-spheres-2,Unknown,,,
"The Purest Solutions


Vita-c Serum Ve Aydınlatıcı Renk Tonu Eşitleyici C Vitamini Serum",https://incidecoder.com/products/the-purest-solutions-vita-c-serum-ve-aydinlatici-renk-tonu-esitleyici-c-vitamini-serum,Unknown,,,
"Trilogy


Rosehip Oil Antioxidant +",https://incidecoder.com/products/trilogy-rosehip-oil-antioxidant,Unknown,,,
"Ultrasun


Brightening, Anti-Spot And Anti-Pollution Face Fluid Spf50+",https://incidecoder.com/products/ultrasun-brightening-anti-spot-and-anti-pollution-face-fluid-spf50,Unknown,,,
"Youth To The People


Age Prevention Moisture Cream",https://incidecoder.com/products/youth-to-the-people-age-prevention-moisture-cream,Unknown,,,
"Yuripibu


Cucu Black Truffle Serum",https://incidecoder.com/products/yuripibu-cucu-black-truffle-serum,Unknown,,,
"Zelens


Z Lumious Brightening Serum",https://incidecoder.com/products/zelens-z-lumious-brightening-serum,Unknown,,,
"Zo skin health


Ossential Advanced Radical Night Repair",https://incidecoder.com/products/zo-skin-health-ossential-advanced-radical-night-repair,Unknown,,,
"iS Clinical


White Lightening Complex",https://incidecoder.com/products/is-clinical-white-lightening-complex,Unknown,,,
"oskia


Perfect Cleanser",https://incidecoder.com/products/oskia-perfect-cleanser,Unknown,,,
"oskia


Renaissance Cleansing Gel (Discontinued)",https://incidecoder.com/products/oskia-renaissance-cleansing-gel-discontinued,Unknown,,,
"silk naturals


Super Defense Serum",https://incidecoder.com/products/silk-naturals-super-defense-serum,Unknown,,,
