ingredient,skin_type,notable_effects
", hexanediol",,
",hexanediol",,
abrasivescrub,,
abronia villosa leaf extract,,
acacia senegal gum,,
acacia seyal gum extract,,
acer saccharum sugar maple extract,,
acerola fruit extract,,
acetic acid,,
acetyl cyclohexapeptide,,
acetyl dipeptide cetyl ester,,
acetyl glucosamine,,
acetyl glucosamine nacetyldglucosamine,,
acetyl glycyl betaalanine,,
acetyl hexapeptide,,
acetyl octapeptide,,
acetyl shhexapeptide amide acetate,,
acetyl tetrapeptide,,
acetyl tributyl citrate,,
acetyl tyrosine,,
acetyl zingerone,,
acetylarginyltryptophyl diphenylglycine,,
achillea millefolium extract,,
acrylamide​sodium acryloyldimethyl taurate copolymer,,
acrylamide​sodium acryloyldimethyltaurate copolymer,,
acrylates copolymer,,
acrylates​ammonium methacrylate copolymer,,
acrylates​c alkyl acrylate crosspolymer,,
acrylates​carbamate copolymer,,
acrylates​ethylhexyl acrylate crosspolymer,,
acrylates​methoxy peg methacrylate copolymer,,
acrylates​stearyl methacrylate copolymer,,
acrylonitrile​methyl methacrylate​vinylidene chloride copolymer,,
actinidia chinensis kiwi fruit extract,,
adansonia digitata baobab seed oil,,
adansonia digitata fruit extract,,
adansonia digitata seed oil,,
adenosine,,
adenosine phosphate,,
adenosine skinrestoring,,
adenosine triphosphate,,
adipic acid​neopentyl glycol crosspolymer,,
agar,,
agastache mexicana hyssop flowerleafstem extract,,
agave americana stem extract,,
agave tequilana leaf extract,,
aha,,
ahnfeltia concinna extract,,
akebia quinata chocolate vine stem extract,,
alanine,,
alaria esculenta extract,,
albatrellus confluens mushroom extract,,
albizia julibrissin bark extract,,
alcaligenes polysaccharides,,
alchemilla vulgaris leaf extract,,
alcohol,,
alcohol denat,,
aleurites moluccana kukui seed oil,,
aleurites moluccanus seed oil,,
algae,,
algae extract,,
allantoin,,
allium cepa onion bulb extract,,
allyl methacrylates crosspolymer,,
almond​borage​linseed​olive acids​glycerides,,
aloe barbadensis,,
aloe barbadensis aloe leaf juice,,
aloe barbadensis aloe vera leaf extract,,
aloe barbadensis extract,,
aloe barbadensis leaf extract,all,"soothing, moisturizing"
aloe barbadensis leaf juice,,
aloe barbadensis leaf juice extract,,
aloe barbadensis leaf juice powder,,
aloe barbadensis leaf water,,
alpha tocopherol .,,
alphaarbutin,,
alphaglucan,,
alphaglucan oligosaccharide,,
alphaisomethyl ionone,,
alteromonas ferment extract,,
althaea officinalis root extract,,
alumina,,
aluminum hydroxide,,
aluminum starch octenylsuccinate,,
aluminum stearate,,
amaranthus caudatus seed extract,,
aminomethyl propanol,,
ammonium acrylates copolymer,,
ammonium acryloyldimethyltaurate​vp copolymer,,
ammonium polyacryloyldimethyl taurate,,
amodimethicone,,
ananas sativus pineapple fruit extract,,
anastatica hierochuntica extract,,
anemarrhena asphodeloides root extract,,
angelica archangelica root extract,,
anhydroxylitol,,
anthemis nobilis chamomile,,
anthemis nobilis flower extract,,
anthemis nobilis oil,,
antiacne,,
antimicrobialantibacterial,,
antioxidant,,
aphanothece sacrum polysaccharide sacrum,,
apigenin,,
apricot kernel oil,,
aqua,,
aqua water,,
aqua ​ water ​ eau,,
aqua​ water,,
aqua​water,,
aqua​water​eau,,
arabidopsis thaliana extract,,
arachidyl alcohol,,
arachidyl glucoside,,
arbutin,,
arctium lappa,,
arctium lappa root burdock root extract,,
arctium lappa root extract,,
arctostaphylos uva ursi leaf extract,,
arctostaphylos uva ursi leaf extract bearberry extract​antioxidant,,
arctostaphylos uvaursi bearberry leaf extract,,
arctostaphylos uvaursi leaf extract,,
argan oil,,
argania spinosa kernel oil,dry,"moisturizing, antioxidant"
arginine,,
argininelysine polypeptide,,
arnica montana arnica extract,,
arnica montana flower extract,,
aroma,,
aronia melanocarpa fruit extract black chokeberry,,
artemia extract,,
ascophyllum nodosum extract,,
ascorbic acid,,
ascorbic acid .,,
ascorbic acid vitamin c,,
ascorbic acid vitamin c .,,
ascorbyl glucoside,,
ascorbyl palmitate,,
ascorbyl palmitate cester,,
ascorbyl tetraisopalmitate,,
asiaticoside,,
aspalathus linearis extract,,
aspalathus linearis leaf extract,,
aspartic acid,,
aspergillus​rice ferment extract,,
aspergillus​saccharomyces​barley seed ferment extract,,
astaxanthin,,
astragalus membranaceus root extract,,
astrocaryum murumuru seed butter,,
avena sativa kernel extract,,
avena sativa oat bran extract,,
avena sativa oat kernel extract,,
avena sativa oat kernel oil,,
avene thermal spring water avene aqua,,
avobenzone,,
avocado oil,,
azelaic acid .,,
bacillus​soybean ferment extract,,
bakuchiol,,
bamboo charcoal,,
bambusa vulgaris leaf​stem extract,,
baptisia tinctoria root extract,,
barberry,,
bearberry extract,,
beeswax,,
beeswax​cera alba​cire d'abeille,,
beet root extract,,
behenic acid,,
behentrimonium chloride,,
behentrimonium methosulfate,,
behenyl alcohol,,
bentonite,,
benzoic acid,,
benzophenone,,
benzyl alcohol,,
benzyl benzoate,,
benzyl salicylate,,
beraclay light red,,
berberis vulgaris root extract,,
beta vulgaris beet root extract,,
betacarotene,,
betaglucan,,
betaine,,
betasitosterol,,
betula alba bark extract,,
betula platyphylla japonica juice,,
betulinic acid from betula alba bark extract,,
bha,,
bha beta hydroxy acid,,
bht,,
bifida ferment lysate,,
bilberry extract,,
biosaccharide gum,,
biotin,,
biotinoyl tripeptide,,
bis stearyl ethylenediamine​neopentyl glycol​stearyl hydrogenated dimer dilinoleate copolymer,,
bisabolene,,
bisabolol,,
bisabolol skinsoothing,,
bisdiglyceryl polyacyladipate,,
bisethylhexyloxyphenol methoxyphenyl triazine,,
bisethylhexyloxyphenol methoxyphenyl triazine .,,
bispeg dimethicone beeswax,,
bispeg methyl ether dimethyl silane,,
bisstearyl dimethicone,,
bixa orellana seed extract,,
bixa orellana seed oil,,
black elderberry,,
blue lotus extract,,
boerhavia diffusa root extract,,
borage seed oil,,
borago officinalis borage leaf extract,,
borago officinalis borage seed oil,,
borago officinalis seed oil,,
boron nitride,,
boswellia serrata extract,,
boswellia serrata resin extract,,
brassica campestris rapeseed sterols,,
brassica oleracea acephala kale leaf extract,,
brassica oleracea acephala kale seed oil,,
brassica oleracea italica broccoli extract,,
bromelain,,
buddleja officinalis extract,,
buffering,,
bulnesia sarmientoi wood oil,,
butyl avocadate,,
butyl methoxydibenzoylmethane,,
butylene glycol,,
butylene​ethylene​styrene copolymer,,
butyloctyl salicylate,,
butylphenyl methylpropional,,
butyrospermum parkii,,
butyrospermum parkii butter,,
butyrospermum parkii shea butter,,
butyrospermum parkii shea butter butyrospermum parkii butter,,
butyrospermum parkii shea oil,,
butyrospermum shea butter​ parkii​​,,
c acid triglyceride,,
c alcohols,,
c alkane,,
c alkyl acrylates​methacrylic acid crosspolymer,,
c alkyl benzoate,,
c alkyl benzoate textureenhancing,,
c alkyl ethylhexanoate,,
c alkyl glucoside,,
c alkyl phosphate,,
c fluoroalcohol phosphate,,
c isoparaffin,,
c pareth,,
caffeic acid,,
caffeine,all,"anti-inflammatory, depuffing"
caffeyl glucoside,,
calcium chloride,,
calcium gluconate,,
calcium pca,,
calcium sodium borosilicate,,
calendula extract,,
calendula officinalis calendula flower extract,,
calendula officinalis english marigold extract,,
calendula officinalis flower extract,,
callicarpa japonica fruit extract,,
calluna vulgaris flower extract,,
calophyllum inophyllum seed oil,,
camellia japonica seed oil,,
camellia oleifera,,
camellia oleifera green tea leaf extract,,
camellia oleifera leaf extract,,
camellia oleifera leaf extract green tea extract​antioxidant​skinsoothing,,
camellia oleifera seed oil,,
camellia sinensis,,
camellia sinensis extract,,
camellia sinensis green tea leaf extract,,
camellia sinensis leaf extract,all,"antioxidant, soothing"
camellia sinensis white tea leaf extract,,
cananga odorata flower oil,,
candelilla cera​euphorbia cerifera candelilla wax​cire de candelilla,,
canola oil,,
caprooyl phytosphingosine,,
caprooyl sphingosine,,
caprooyl tetrapeptide,,
caprylhydroxamic acid,,
capryliccapric triglyceride,,
caprylic​capric glycerides,,
caprylic​capric triglyceride,,
caprylic​capric triglycerides,,
caprylic​capric​myristic​stearic triglyceride,,
caprylic​capric​triglyceride,,
capryloyl glycine,,
caprylyl caprylate​caprate,,
caprylyl glycol,,
caprylyl glycol.,,
caprylyl methicone,,
caprylyl​capryl glucoside,,
caramel,,
carbomer,,
carica papaya papaya fruit extract,,
carnosine,,
carnosine l,,
carthamus tinctorius safflower oleosomes,,
carthamus tinctorius safflower seed oil,,
carthamus tinctorius safflower seed oil carthamus tinctorius seed oil,,
cassia alata leaf extract,,
cassia angustifolia seed polysaccharide,,
cassia obtusifolia seed extract,,
castanea sativa chestnut leaf extract,,
castoryl maleate,,
cc alkyl benzoate,,
cedrus atlantica bark oil,,
cellcommunicating ingredient,,
cellulose gum,,
centaurea cyanus flower water,,
centella asiatica extract,all,"soothing, healing"
centella asiatica leaf extract,,
cera alba,,
ceramide,,
ceramide ap,,
ceramide as,,
ceramide eop,,
ceramide eos,,
ceramide ng,,
ceramide np,,
ceramide ns,,
ceramides,,
ceresin,,
ceteareth,,
ceteareth olivate,,
cetearyl alcohol,,
cetearyl dimethicone crosspolymer,,
cetearyl ethylhexanoate,,
cetearyl glucoside,,
cetearyl glucoside corn & coconut glucolipid,,
cetearyl isononanoate,,
cetearyl olivate,,
ceteth,,
ceteth phosphate,,
cetraria islandica thallus extract,,
cetrimonium chloride,,
cetyl alcohol,all,"emollient, thickening"
cetyl ethylhexanoate,,
cetyl palmitate,,
cetyl peg​ppg​ dimethicone,,
cetyl phosphate,,
cetylhydroxyproline palmitamide,,
chamaecyparis obtusa leaf extract,,
chamomile,,
chamomile extract,,
chamomilla recutita extract​matricaria flower extract,,
chamomilla recutita flower extract,,
chamomilla recutita matricaria chamomile flower extract,,
chamomilla recutita matricaria flower extract,,
chamomilla recutita matricaria flower extract matricaria,,
chamomilla recutita matricaria flower extract skinsoothing,,
charcoal powder,,
chelating,,
chenopodium quinoa seed extract,,
chlorella,,
chlorella vulgaris extract,,
chlorhexidine digluconate,,
chloroacetamide,,
chlorophyllincopper complex ci,,
chlorphenesin,,
chlorphenesin.,,
cholesterol,,
cholesteryl nonanoate,,
choleth,,
chondrus crispus,,
chondrus crispus carrageenan,,
chondrus crispus carrageenan extract,,
chondrus crispus extract,,
chrysin,,
ci,,
ci iron oxide,,
ci iron oxides,,
ci natural iron oxide,,
ci red,,
ci titanium dioxide,,
ci yellow,,
ci yellow lake,,
ci ​red,,
citral,,
citric acid,,
citronellol,,
citrulline,,
citrullus lanatus watermelon fruit extract,,
citrullus lanatus watermelon seed oil,,
citrullus vulgaris watermelon fruit extract,,
citrus aurantium amara bitter orange flower extract,,
citrus aurantium amara bitter orange flower water,,
citrus aurantium amara bitter orange peel oil,,
citrus aurantium bergamia bergamot fruit oil,,
citrus aurantium dulcis orange callus culture extract,,
citrus aurantium dulcis orange fruit extract,,
citrus aurantium dulcis orange oil,,
citrus aurantium dulcis sweet orange peel oil,,
citrus grandis grapefruit fruit extract,,
citrus grandis grapefruit peel oil,,
citrus limon lemon fruit extract,,
citrus limon lemon peel oil,,
citrus medica limonum lemon fruit extract,,
citrus medica limonum lemon peel oil,,
citrus nobilis mandarin orange peel oil,,
citrus paradisi grapefruit peel extract,,
citrus reticulata peel oil,,
cladosiphon okamuranus extract,,
clitoria ternatea butterfly pea flower extract,,
cocamidopropyl betaine,all,gentle cleansing
cocamidopropyl dimethylamine,,
coccoloba uvifera fruit extract,,
cochlearia armoracia horseradish root extract,,
coco caprylate​caprate vegetable glycerides,,
coco glucoside,,
cocobetaine,,
cococaprylate,,
cococaprylate​caprate,,
cocodimonium hydroxypropyl silk amino acids,,
cocoglucoside,,
cocoglycerides,,
coconut acid,,
coconut alcohol,,
coconut alkanes,,
coconut oil,dry,"moisturizing, emollient"
cocos nucifera coconut fruit extract,,
cocos nucifera coconut oil,,
cocos nucifera coconut water,,
cocos nucifera oil,,
cocoyl proline,,
coffea arabica coffee fruit extract,,
coffea arabica coffee seed extract,,
coffea arabica coffee seed oil,,
coffea arabica seed extract,,
cola acuminata kola seed extract,,
coleus forskohlii root extract,,
colloidal oatmeal,,
colloidal silver,,
colorant,,
commiphora mukul resin extract,,
commiphora myrrha resin extract,,
copper gluconate,,
copper lysinate​prolinate,,
copper tripeptide,,
cordyceps sinensis extract,,
coriander seed oil,,
coriandrum sativum,,
coriandrum sativum coriander seed oil,,
corn starch modified,,
coumarin,,
crambe abyssinica seed oil,,
cranberry seed extract,,
cranberry seed oil,,
creatine,,
croton lechleri resin powder extract,,
cucumber extract,,
cucumber fruit extract,,
cucumis sativus cucumber fruit extract,,
cucumis sativus cucumber seed oil,,
cucurbita pepo seed extract,,
curculigo orchioides root extract,,
curcuma longa turmeric root,,
curcuma longa turmeric root extract,,
cyclodextrin,,
cyclohexasiloxane,,
cyclomethicone,,
cyclopentasiloxane,,
cyclopentasiloxane hydration,,
cyclotetrasiloxane,,
cymbopogon martini palmarosa oil,,
cymbopogon schoenanthus lemongrass oil,,
cymbopogon schoenanthus oil,,
cypripedium pubescens extract,,
daidzein,,
darutoside,,
decarboxy carnosine hcl,,
decyl glucoside,,
decyl oleate,,
dehydroacetic acid,,
dehydroxanthan gum,,
deionized water,,
deuterium oxide,,
dextran,,
dextrin,,
dextrin palmitate,,
diamond powder,,
diazolidinyl urea,,
dibutyl adipate,,
dicaprylyl carbonate,,
dicaprylyl ether,,
dicetyl phosphate,,
diethoxyethyl succinate,,
diethylamino hydroxybenzoyl hexyl benzoate,,
diethylamino hydroxybenzoyl hexyl benzoate .,,
diethylhexyl carbonate,,
diethylhexyl syringylidenemalonate,,
diglucosyl gallic acid,,
diglycerin,,
diisopropyl adipate,,
diisopropyl sebacate,,
diisostearyl malate,,
dimethicone,,
dimethicone crosspolymer,,
dimethicone hydration,,
dimethicone​bisisobutyl ppg crosspolymer,,
dimethicone​peg​ crosspolymer,,
dimethicone​vinyl dimethicone crosspolymer,,
dimethiconol,,
dimethyl isosorbide,,
dimethyl mea,,
dimethyl mea dmae,,
dimethyl sulfone,,
dimethyl sulfone msm,,
dimethylacrylamide acrylic acid​polystyrene ethyl methacrylate copolymer,,
diosmine,,
dipalmitoyl hydroxyproline,,
dipentaerythrityl tripolyhydroxystearate,,
dipeptide,,
dipeptide diaminobutyroyl benzylamide diacetate,,
dipotassium glycyrrhizate,,
dipropylene glycol,,
dipropylene glycol dibenzoate,,
dipsacus sylvestris extract,,
disiloxane,,
disodium cocoamphodiacetate,,
disodium cocoamphodipropionate,,
disodium edta,,
disodium ethylene dicocamide peg disulfate,,
disodium lauriminodipropionate tocopheryl phosphates,,
disodium phosphate,,
disodium rutinyl disulfate,,
disodium succinate,,
disodium uridine phosphate,,
distarch phosphate,,
disteardimonium hectorite,,
distearoylethyl dimonium chloride,,
distearoylethyl hydroxyethylmonium methosulfate,,
distilled water,,
distilled water aqua,,
dunaliella salina algae extract,,
dunaliella salina extract,,
echium plantagineum seed oil,,
eclipta prostrata extract,,
ectoin,,
edta,,
egf barley sholigopeptide,,
elaeis guineensis oil,,
elaeis guineensis oil palm oil​nonfragrant oil​antioxidant,,
emblica officinalis gooseberry fruit extract,,
emollient,,
emulsifying,,
engelhardtia chrysolepis leaf extract,,
epigallocatechin gallate,,
epigallocatechin gallate egcg from green tea extract,,
epigallocatechin gallatyl glucoside,,
epilobium angustifolium extract,,
epilobium angustifolium flower​leaf​stem extract,,
equisetum arvense leaf extract,,
equol,,
ergothioneine,,
ergothioneine l,,
erythritol,,
erythrulose,,
escin,,
ethoxydiglycol,,
ethyl ascorbic acid,,
ethyl ferulate,,
ethyl linoleate,,
ethylbisiminomethylguaiacol manganese chloride,,
ethylene​propylene​styrene copolymer,,
ethylhexyl cocoate,,
ethylhexyl ferulate,,
ethylhexyl isononanoate,,
ethylhexyl methoxycinnamate,,
ethylhexyl olivate,,
ethylhexyl palmitate,,
ethylhexyl salicylate,,
ethylhexyl stearate,,
ethylhexyl triazone,,
ethylhexyl triazone .,,
ethylhexylglycerin,,
eugenol,,
euterpe oleracea acai fruit extract,,
euterpe oleracea acai fruit oil,,
euterpe oleracea fruit oil,,
euterpe oleracea sterols,,
evening primrose extract,,
evening primrose oil,,
evening primrose root extract,,
evodia rutaecarpa fruit extract,,
exfoliant,,
farnesol,,
ferulic acid,,
ferulic acid .,,
feverfew extract,,
fomes officinalis mushroom extract,,
fouqueria splendens stem extract,,
fragaria ananassa strawberry seed extract,,
fragaria vesca strawberry fruit extract,,
fragrance,,
fragrance parfum,,
fragrance+,,
fragrance​parfum,,
fructooligosaccharides,,
fructose,,
galactoarabinan,,
gallyl glucoside,,
gamma linolenic acid gla,,
ganoderma lucidum mushroom extract,,
garcinia mangostana mangosteen peel extract,,
gaultheria procumbens wintergreen leaf extract,,
gellan gum,,
genistein,,
gentiana lutea gentian root extract,,
gentiana lutea root extract,,
geraniol,,
geranium maculatum oil,,
ginger root extract,,
ginkgo biloba extract,,
ginkgo biloba leaf extract,,
ginseng extract,,
glabridin,,
glucomannan,,
gluconolactone,,
glucosamine hcl,,
glucose,,
glucose oxidase,,
glucosyl ceramide,,
glucuronolactone d,,
glutamic acid,,
glutamylamidoethyl imidazole,,
glutathione,,
glycereth,,
glycerin,all,"hydrating, humectant"
glycerin .,,
glycerine,,
glycerol,,
glyceryl ascorbate,,
glyceryl behenate,,
glyceryl behenate​eicosadioate,,
glyceryl caprylate,,
glyceryl cocoate,,
glyceryl dibehenate,,
glyceryl laurate,,
glyceryl linoleate,,
glyceryl linolenate,,
glyceryl oleate,,
glyceryl palmitate,,
glyceryl polymethacrylate,,
glyceryl stearate,all,"emollient, stabilizing"
glyceryl stearate citrate,,
glyceryl stearate se,,
glycine,,
glycine soja germ extract,,
glycine soja oil,,
glycine soja oil soybean oil​nonfragrant oil​antioxidant,,
glycine soja oil​soybean oil,,
glycine soja seed extract,,
glycine soja soybean extract,,
glycine soja soybean oil,,
glycine soja soybean protein,,
glycine soja soybean seed extract,,
glycine soja soybean sterols,,
glycine soja sterols,,
glycogen,,
glycol distearate,,
glycolic acid,all,"exfoliating, brightening"
glycolipids,,
glycoproteins,,
glycosyl trehalose,,
glycyrrhetinic acid,,
glycyrrhiza glabra,,
glycyrrhiza glabra licorice root extract,,
glycyrrhiza glabra licorice root extract licochalcone,,
glycyrrhiza glabra root extract,,
goji berry extract,,
goji fruit extract,,
gold ci,,
grape seed extract,,
grape seed oil,,
green tea,,
green tea extract,all,"antioxidant, anti-inflammatory"
green tea leaf extract,,
haematococcus pluvialis extract,,
haematococcus pluvialis extract antioxidant,,
hamamelis virginiana witch hazel extract,,
hamamelis virginiana witch hazel water,,
hdi​trimethylol hexyllactone crosspolymer,,
hedera helix ivy leaf​root extract,,
hedychium coronarium root extract,,
helianthus annuus seed oil,,
helianthus annuus seed oil unsaponifiables​sunflower seed oil unsaponifiables,,
helianthus annuus sunflower extract,,
helianthus annuus sunflower seed extract,,
helianthus annuus sunflower seed oil,,
helianthus annuus sunflower seedcake,,
helianthus annuus sunflower sprout extract,,
helichrysum extract,,
heptapeptide,,
heptyl undecylenate,,
hericium erinaceum mushroom extract,,
hesperidin methyl chalcone,,
hexamethyldisiloxane,,
hexanoyl dipeptide norleucine acetate,,
hexapeptide,,
hexyl cinnamal,,
hexyl laurate,,
hexyldecanol,,
hexylene glycol,,
hexylresorcinol,,
hibiscus extract,,
hibiscus sabdariffa flower extract,,
hippoaerhamnoides oil,,
hippophae rhamnoides oil,,
hippophae rhamnoides sea buckthorn fruit oil,,
hippophae rhamnoides sea buckthorn seed oil,,
histidine,,
homosalate,,
honey mel,,
hordeum vulgare barley extract\extrait d'orge,,
hordeum vulgare extract,,
hordeum vulgare seed extract,,
horse chestnut extract,,
how to read an ingredient list >>,,
humic acids,,
hyaluronic acid,all,"hydrating, plumping"
hydrated silica,,
hydrogenated apricot kernel oil,,
hydrogenated dimer dilinoleyl​dimethylcarbonate copolymer,,
hydrogenated ethylhexyl olivate,,
hydrogenated jojoba oil,,
hydrogenated lecithin,,
hydrogenated olive oil,,
hydrogenated olive oil unsaponifiables,,
hydrogenated phosphatidylcholine,,
hydrogenated polyc olefin,,
hydrogenated polydecene,,
hydrogenated polyisobutene,,
hydrogenated rapeseed oil,,
hydrogenated soybean oil,,
hydrogenated starch hydrolysate,,
hydrogenated vegetable glycerides citrate,,
hydrolyzed algae extract,,
hydrolyzed algin,,
hydrolyzed collagen,,
hydrolyzed collagen marine,,
hydrolyzed corn starch,,
hydrolyzed cucurbita pepo pumpkin seedcake,,
hydrolyzed eruca sativa leaf,,
hydrolyzed hyaluronic acid,,
hydrolyzed hyaluronic acid nano hyaluronic acid,,
hydrolyzed jojoba esters,,
hydrolyzed keratin,,
hydrolyzed oats,,
hydrolyzed pearl,,
hydrolyzed placental protein,,
hydrolyzed pumpkin seedcake,,
hydrolyzed rice bran extract,,
hydrolyzed rice extract,,
hydrolyzed rice protein,,
hydrolyzed sericin,,
hydrolyzed silk,,
hydrolyzed sodium hyaluronate,,
hydrolyzed soy protein,,
hydrolyzed vegetable protein,,
hydrolyzed vegetable protein pgpropyl silanetriol,,
hydrolyzed viola tricolor extract,,
hydrolyzed wheat protein,,
hydroxyacetophenone,,
hydroxyethyl acrylate​ sodium acryloyldimethyl taurate copolymer,,
hydroxyethyl acrylate​sodium acryloyldimethyl taurate copolymer,,
hydroxyethyl urea,,
hydroxyethylcellulose,,
hydroxyethylpiperazine ethane sulfonic acid,,
hydroxymethoxyphenyl decanone,,
hydroxymethoxyphenyl propylmethylmethoxybenzofuran,,
hydroxyphenoxy propionic acid,,
hydroxyphenyl propamidobenzoic acid,,
hydroxypinacolone retinoate .,,
hydroxyproline,,
hydroxyproline l,,
hydroxypropyl cyclodextrin,,
hydroxypropyl methylcellulose,,
hydroxypropyltrimonium hyaluronate,,
hydroxypropyltrimonium hyaluronate skin absorbent type hyaluronic acid,,
hydroxytyrosol,,
ilex paraguariensis leaf extract,,
illite,,
imperata cylindrica root extract,,
indian frankincense boswellia serrata extract,,
inositol,,
inulin,,
inulin lauryl carbamate,,
iodopropynyl butylcarbamate,,
iris florentina extract,,
iris florentina root extract,,
iron oxide ci,,
iron oxides,,
iron oxides ci,,
"iron oxides ci , ci",,
iron oxides ci ​ci ​ci,,
iron oxide​ci,,
isoamyl cocoate,,
isoamyl laurate,,
isoamyl pmethoxycinnamate,,
isobutane,,
isoceteth,,
isocetyl stearate,,
isochrysis galbana extract,,
isodecyl neopentanoate,,
isododecane,,
isohexadecane,,
isoleucine,,
isononyl isononanoate,,
isopropyl alcohol,,
isopropyl isostearate,,
isopropyl palmitate,,
isopropyl titanium triisostearate,,
isosorbide dicaprylate,,
isostearic acid,,
isostearyl neopentanoate,,
jania rubens extract,,
jasmine extract,,
jasminum officinale jasmine flower extract,,
jojoba butter,,
jojoba esters,,
jojoba oil,all,"moisturizing, balancing"
jojoba seed oil,,
jojoba wax peg esters,,
juglans regia walnut seed extract,,
juniperus communis juniper berry fruit oil,,
kalanchoe pinnata leaf extract,,
kaolin,,
kaolin rose clay,,
kelp extract,,
keratin amino acids,,
kigelia africana fruit extract,,
l ascorbic acid .,,
lactic acid,all,"exfoliating, hydrating"
lactic acid l,,
lactic acid​glycolic acid copolymer,,
lactis proteinum​ milk protein,,
lactobacillus ferment,,
lactobacillus​ pumpkin ferment extract,,
lactobacillus​arundinaria gigantea ferment filtrate,,
lactobacillus​cucurbita pepo fruit ferment extract,,
lactobacillus​eriodictyon californicum ferment extract,,
lactobacillus​kelp ferment filtrate,,
lactobacillus​portulaca oleracea ferment extract,,
lactobacillus​punica granatum fruit ferment extract,,
lactobacillus​punica granatum pomegranate fruit ferment extract,,
lactococcus ferment lysate,,
lactoperoxidase,,
lactose,,
laminaria algae extract,,
laminaria digitata extract,,
laminaria japonica extract,,
laminaria ochroleuca extract,,
laminaria saccharina extract,,
lanolin alcohol,,
larix europaea wood extract,,
laureth,,
lauric acid,,
lauroyl lysine,,
lauryl alcohol,,
lauryl glucoside,,
lauryl methacrylate​glycol dimethacrylate crosspolymer,,
lauryl methacrylate​sodium methacrylate crosspolymer,,
lauryl peg polydimethylsiloxyethyl dimethicone,,
lauryl peg tristrimethylsiloxysilylethyl dimethicone,,
lavandula angustifolia lavender flower oil,,
lavandula angustifolia lavender oil,,
lavandula angustifolia oil,,
lavandula angustifolia oil​lavender oil,,
lavandula hybrida flower oil,,
lavandula hybrida oil,,
lavandula stoechas spanish lavender extract,,
lavender oil,,
lcarnitine,,
lecithin,,
lens esculenta lentil fruit extract,,
lentinus edodes mycelium extract,,
leontopodium alpinum callus culture extract,,
leontopodium alpinum extract,,
leontopodium alpinum meristem cell culture,,
lepidium sativum sprout extract,,
leuconostoc ferment filtrate,,
leuconostoc ferment filtrate radish root extract,,
leuconostoc​radish root ferment filtrate,,
licorice extract,,
licorice root,,
licorice root extract,all,"brightening, anti-inflammatory"
lime oil,,
limnanthes alba meadowfoam seed oil,,
limnanthes alba seed oil,,
limonene,,
linalool,,
linoleic acid,,
linolenic acid,,
linseed seed oil,,
linum usitatissimum linseed seed oil,,
lithospermum erythrorhizon root extract,,
llysine lauroyl methionine amino acid from plants,,
lonicera caprifolium honeysuckle flower extract,,
lonicera japonica honeysuckle flower extract,,
lupinus albus seed extract,,
lycium barbarum fruit extract,,
lycium barbarum goji fruit extract,,
lycopene,,
lysine hcl,,
lysolecithin,,
macadamia nut oil,,
macadamia ternifolia macadamia seed oil,,
macadamia ternifolia seed oil,,
madecassoside,,
magnesium aluminum silicate,,
magnesium aluminum silicate natural smectite clay,,
magnesium ascorbyl phosphate,,
magnesium ascorbyl phosphate vitamin c,,
magnesium aspartate,,
magnesium chloride,,
magnesium pca,,
magnesium sulfate,,
magnolia grandiflora bark extract,,
malachite extract,,
malic acid,,
malpighia glabra acerola fruit extract,,
maltodextrin,,
maltooligosyl glucoside,,
maltose,,
malus domestica fruit cell culture,,
malva sylvestris flower extract,,
malva sylvestris mallow flower​leaf​stem extract,,
mandelic acid,"sensitive, all","gentle exfoliating, brightening"
mandelic acid l,,
mangifera indica mango leaf extract,,
mangifera indica mango seed butter,,
mannitol,,
maris aqua sea water,,
marrubium vulgare meristem cell culture,,
matricaria flower extract,,
mauritia flexuosa buriti fruit oil,,
medicago sativa alfalfa extract,,
medicago sativa extract,,
medicago sativa extract​alfalfa extract,,
melanin,,
melia azadirachta leaf extract,,
melissa officinalis leaf extract,,
mel​honey extract​extrait de miel,,
mel​honey​miel,,
mentha piperita oil​peppermint oil,,
mentha piperita peppermint leaf extract,,
menthol,,
menthyl lactate,,
menyanthes trifoliata buckbean flower extract,,
methacrylic acid,,
methicone,,
methyl gluceth,,
methyl methacrylate crosspolymer,,
methyl methacrylate​peg​ppg​ methacrylate crosspolymer,,
methyl nicotinate,,
methyl sulphonyl methane,,
methyl trimethicone,,
methylene bisbenzotriazolyl tetramethylbutylphenol,,
methylene bisbenzotriazolyl tetramethylbutylphenol nano,,
methylglucoside phosphate,,
methylisothiazolinone,,
methylparaben,,
methylpropanediol,,
methylsilanol mannuronate,,
mica,,
michelia alba leaf oil,,
micrococcus lysate,,
microcrystalline cellulose,,
mineral oil paraffinum liquidum​huile minérale,,
mineral oil​ huile minérale,,
mirabilis jalapa callus extract,,
moisturizerhumectant,,
molasses extract\saccharum officinarum\extrait de mélasse,,
moringa glucoside,,
moringa oleifera moringa seed oil,,
moringa oleifera seed extract,,
moringa oleifera seed oil,,
morus alba leaf extract,,
morus alba root extract,,
morus alba white mulberry root extract,,
morus nigra fruit extract,,
muconotoxin cniiic,,
musa sapientum banana fruit extract,,
mushroom extract,,
myrica cerifera bayberry fruit extract,,
myristic acid,,
myristoyl nonapeptide,,
myristyl myristate,,
myrothamnus flabellifolia leaf​stem extract,,
myrtus communis extract,,
nasturtium officinale flower​leaf extract,,
nelumbo nucifera flower extract,,
neopentyl glycol dicaprylate​dicaprate,,
neopentyl glycol diheptanoate,,
nepeta cataria extract,,
nhydroxysuccinimide,,
niacin,,
niacinamide,all,"brightening, anti-inflammatory"
niacinamide vitamin b,,
nicotiana sylvestris leaf cell culture,,
nonapeptide,,
nylon,,
o ethyl ascorbic acid,,
oat betaglucan,,
oat bran extract,,
oat kernel extract,,
octinoxate,,
octinoxate .,,
octisalate,,
octocrylene,,
octyldodecanol,,
octyldodecyl neopentanoate,,
ocymenol,,
oenothera biennis evening primrose oil,,
oenothera biennis oil,,
oenothera biennis oil evening primrose oil​nonfragrant oil​ antioxidant,,
olea europaea fruit oil,,
olea europaea fruit oil olive oil​antioxidant​emollient,,
olea europaea leaf extract,,
olea europaea olive fruit extract,,
olea europaea olive fruit oil,,
olea europaea olive leaf extract,,
olea europaea olive oil unsaponifiables,,
oleanolic acid,,
oleic acid,,
oleic​linoleic​linolenic polyglycerides,,
oleth,,
oleth phosphate,,
oleyl alcohol,,
oleyl erucate,,
oligopeptide,,
olive oil glycereth esters,,
olive oilolive fruit oil,,
ophiopogon japonicus root extract,,
opuntia coccinellifera flower extract,,
opuntia ficusindica callus culture extract,,
opuntia ficusindica fruit extract,,
opuntia ficusindica prickly pear seed oil,,
opuntia ficusindica seed oil,,
opuntia ficusindica stem extract,,
opuntia tuna fruit extract,,
opuntia vulgaris leaf extract,,
organic aloe vera leaf juice,,
organic anise essential oil,,
organic avocado oil,,
organic canola oil,,
organic castor bean oil,,
organic cinnamon,,
organic cinnamon essential oil,,
organic clove bud essential oil,,
organic cloves,,
organic cocoa butter,,
organic coconut oil,,
organic coffee bean,,
organic corn starch,,
organic cranberry seed oil,,
organic cucumber fruit extract,,
organic eucalyptus,,
organic eucalyptus essential oil,,
organic extra virgin olive oil,,
organic lemon essential oil,,
organic olive oil,,
organic palm oil,,
organic rosemary essential oil,,
organic rosemary oil extract,,
organic shea butter,,
origanum vulgare leaf extract,,
orthosiphon stamineus extract,,
oryza sativa rice bran extract,,
oryza sativa rice bran oil,,
oryza sativa rice bran wax oryza sativa cera,,
oryza sativa rice extract,,
oryzanol,,
oxidised glutathione,,
oxothiazolidine,,
oxybenzone,,
oxygen,,
padina pavonica thallus extract,,
paeonia lactiflora root extract,,
palm oil,,
palmaria palmata extract,,
palmitic acid,,
palmitoyl dipeptide,,
palmitoyl dipeptide diaminobutyroyl hydroxythreonine,,
palmitoyl dipeptide diaminohydroxybutyrate,,
palmitoyl grape seed extract,,
palmitoyl grapevine shoot extract,,
palmitoyl heptapeptide,,
palmitoyl hexapeptide,,
palmitoyl oligopeptide,,
palmitoyl pentapeptide,,
palmitoyl tetrapeptide,,
palmitoyl tripeptide,,
panax ginseng berry extract,,
panax ginseng root extract,,
panisic acid,,
pantethine,,
panthenol,all,"hydrating, soothing"
panthenol d,,
panthenol provitamin b,,
panthenol vitamin b,,
panthenyl triacetate,,
pantolactone,,
parfum,,
parfum fragrance,,
parfum natural,,
parfume,,
parfum​ fragrance,,
parfum​fragrance,,
parietaria officinalis extract,,
passiflora edulis passion flower seed oil,,
passiflora edulis passionflower seed oil,,
passiflora edulis seed oil,,
pca,,
pearl extract,,
peg,,
peg dimethicone,,
peg dimethicone​ppg crosspolymer,,
peg dipolyhydroxystearate,,
peg distearate,,
peg glyceryl cocoate,,
peg glyceryl dimyristate,,
peg glyceryl distearate,,
peg glyceryl triisostearate,,
peg hydrogenated castor oil,,
peg isostearate,,
peg laurate,,
peg phytosterol,,
peg polydimethylsiloxyethyl dimethicone,,
peg rapeseed sterol,,
peg stearate,,
peg trimethylolpropane coconut ether,,
peg​ppg​ dimethicone,,
peg​ppg​polybutylene glycol​​ glycerin,,
peg​smdi copolymer,,
pelargonium geranium graveolens,,
pelargonium graveolens flower oil,,
pelargonium graveolens geranium leaf ​ flower oil,,
pelargonium graveolens oil,,
pelvetia canaliculata algae extract,,
pentaclethra macroloba seed oil,,
pentaerythrityl tetracaprylate​tetracaprate,,
pentaerythrityl tetraditbutyl hydroxyhydrocinnamate,,
pentaerythrityl tetraethylhexanoate,,
pentaerythrityl tetraisostearate,,
pentapeptide,,
pentylene glycol,,
peptides,,
perfluorodecalin,,
perfluorodimethylcyclohexane,,
perfluorohexane,,
perfluoroperhydrophenanthrene,,
perfuming,,
persea gratissima avocado oil,,
persea gratissima avocado oil unsaponifiables,,
petrolatum,,
peucedanum graveolens dill extract,,
phellodendron amurense bark extract,,
phenethyl alcohol,,
phenethyl benzoate,,
phenol,,
phenoxyethanol,,
phenyl tbutylnitrone spin trap,,
phenyl trimethicone,,
phenylalanine,,
phenylethyl resorcinol,,
phenylpropanol,,
phoenix dactylifera date fruit extract,,
phospholipid,,
phospholipids,,
phragmites communis reed extract,,
physalis alkekengi calyx extract,,
physalis angulata extract,,
phytic acid,,
phytosphingosine,,
phytosterols,,
phytosteryl canola glycerides,,
picea mariana bark extract,,
pinus pinaster pycnogenol bark extract,,
piper methysticum leaf​root​stem extract,,
piptadenia colubrina peel extract,,
pistacia lentiscus mastic gum,,
pisum sativum extract,,
plankton extract,,
plantago lanceolata leaf extract,,
plantain plantago lanceolata extract,,
plukenetia volubilis seed oil,,
plumeria acutifolia flower extract,,
plumeria rubra flower extract,,
polianthes tuberosa extract,,
polyacrylamide,,
polyacrylate,,
polyacrylate crosspolymer,,
polydiethyleneglycol adipate​ipdi copolymer,,
polyester,,
polyethylene,,
polyglyceryl caprate,,
polyglyceryl caprylate,,
polyglyceryl caprylate​caprate,,
polyglyceryl cocoate,,
polyglyceryl diisostearate,,
polyglyceryl dioleate,,
polyglyceryl isostearate,,
polyglyceryl methylglucose distearate,,
polyglyceryl oleate,,
polyglyceryl polydimethylsiloxyethyl dimethicone,,
polyglyceryl ricinoleate,,
polyglyceryl sesquicaprylate,,
polyglyceryl stearate,,
polyglyceryl triisostearate,,
polyglyceryl trioleate,,
polyglyceryl ximenia americana seedate,,
polyhydroxystearic acid,,
polyisobutene,,
polylactic acid,,
polymethyl methacrylate,,
polymethylsilsesquioxane,,
polypodium leucotomos leaf extract,,
polypodium vulgare rhizome extract,,
polyporus umbellatus mushroom extract,,
polyquaternium,,
polysilicone,,
polysorbate,,
polyurethane crosspolymer,,
polyvinyl alcohol,,
pomegranate extract,,
pongamia glabra seed oil,,
pongamia pinnata,,
poria cocos extract,,
porphyra umbilicalis extract,,
porphyra yezoensis extract,,
portulaca oleracea extract,,
portulaca pilosa extract,,
potassium azeloyl diglycinate,,
potassium cetyl phosphate,,
potassium hyaluronate,,
potassium hydroxide,,
potassium lactate,,
potassium nitrate,,
potassium pca,,
potassium phosphate,,
potassium sorbate,,
ppg benzyl ether myristate,,
ppg isostearyl methyl ether,,
ppg methyl glucose ether,,
ppg myristyl ether,,
ppg stearyl ether,,
ppg stearyl ether benzoate,,
ppg trideceth,,
ppgbuteth,,
ppgglycereth,,
ppg​smdi copolymer,,
preservative,,
proline,,
proline l,,
propanediol,,
propyl alcohol,,
propyl gallate,,
propyl grapevine shoot extract olivate,,
propylene carbonate,,
propylene glycol,,
propylene glycol dibenzoate,,
propylene glycol dicaprate,,
propylene glycol dicaprylate​dicaprate,,
propylene glycol stearate,,
propylparaben,,
prunus amygdalus dulcis oil,,
prunus amygdalus dulcis sweet almond oil,,
prunus amygdalus dulcis sweet almond protein,,
prunus amygdalus dulcis sweet almond seed extract,,
prunus armeniaca apricot kernel oil,,
prunus armeniaca apricot seed powder,,
prunus domestica seed oil,,
prunus serotina fruit extract,,
prunus serotina wild cherry fruit extract,,
pseudoalteromonas exopolysaccharides,,
pseudoalteromonas ferment extract,,
pseudozyma epicola​camellia sinensis seed oil​glucose​glycine soja soybean meal​malt extract​yeast extract ferment filtrate,,
pullulan,,
pulsatilla koreana extract,,
pumpkin seed extract,,
punica granatum extract,,
punica granatum fruit extract,,
punica granatum pomegranate extract,,
punica granatum pomegranate fruit extract,,
purified water,,
purified water aqua,,
purslane,,
pvm​ma decadiene crosspolymer,,
pvp,,
pyrus malus apple fruit extract,,
pyrus malus apple seed extract,,
quercetin,,
raffinose,,
raspberry seed oil​tocopheryl succinate aminopropanediol esters,,
red ci,,
resveratrol,,
resveratrol .,,
resveratrol dimethyl ether,,
retinol,"normal, dry",anti-aging
retinol .,,
retinol skinrestoring,,
retinyl acetate,,
retinyl palmitate,,
retinyl palmitate vitamin a,,
retinyl propionate,,
retinyl retinoate,,
rhamnose,,
rhodiola rosea root extract,,
ricinus communis castor seed oil,,
rosa canina fruit oil,,
rosa canina rose hip fruit oil organic,,
rosa canina rose hip seed oil,,
rosa canina rosehip seed oil,,
rosa centifolia flower extract,,
rosa centifolia flower water,,
rosa damascena flower extract,,
rosa damascena flower oil,,
rosa damascena flower water,,
rosa damascena rose flower extract,,
rosa eglanteria rosehip seed oil,,
rosa hybrid flower extract,,
rosa moschata oil,,
rosa mosqueta rose hip oil,,
rose flower oil,,
rose hip oil,,
rosemary leaf oil,,
rosmarinus officinalis leaf extract,,
rosmarinus officinalis leaf oil​rosemary leaf oil,,
rosmarinus officinalis rosemary extract,,
rosmarinus officinalis rosemary leaf extract,,
rosmarinus officinalis rosemary leaf oil,,
rosmarinyl glucoside,,
royal jelly extract,,
rubus chamaemorus cloudberry fruit extract,,
rubus idaeus,,
rubus idaeus raspberry fruit extract,,
rubus idaeus raspberry leaf extract,,
rubus idaeus raspberry seed oil,,
rubus idaeus seed oil raspberry oil​nonfragrant oil​antioxidant,,
rumex acetosa leaf extract,,
rumex occidentalis extract,,
saccharide hydrolysate,,
saccharide isomerate,,
saccharomyces cerevisiae extract,,
saccharomyces cerevisiae yeast extract,,
saccharomyces ferment filtrate,,
saccharomyces​grape ferment extract,,
saccharomyces​rice ferment filtrate,,
saccharomyces​xylinum​black tea ferment,,
saccharum officinarum sugar cane extract,,
safflower oil​palm oil aminopropanediol esters,,
sage leaf extract,,
salicornia herbacea extract,,
salicylic acid,"oily, acne-prone","exfoliating, anti-acne"
salicyloyl phytosphingosine,,
salix alba extract,,
salix alba willow bark extract,,
salix nigra willow bark extract,,
salix purpurea bark extract,,
salvia hispanica chia seed oil,,
salvia officinalis sage leaf extract,,
salvia officinalis sage oil,,
salvia sclarea clary extract,,
salvia sclarea clary oil,,
sambucus nigra black elderberry fruit extract,,
sambucus nigra flower extract,,
sambucus nigra fruit extract,,
santalum album sandalwood oil,,
santalum album sandalwood seed oil,,
santalum spicatum sandalwood wood oil,,
saponaria officinalis leaf​ root extract,,
sarcodon aspratus extract,,
schinziophyton rautanenii kernel oil,,
schisandra chinensis magnolia fruit extract,,
sclareolide,,
sclerocarya birrea seed oil,,
"sclerocarya birrea seed oil,sclerocarya birrea seed butter",,
sclerotium gum,,
scutellaria baicalensis root extract,,
sd alcohol preservative,,
sea water,,
sea water maris aqua,,
sea whip extract,,
seaweed extract,,
serine,,
sesame seed oil,,
sesamum indicum seed extract,,
sesamum indicum sesame seed extract,,
sesamum indicum sesame seed oil,,
shea butter,dry,"moisturizing, emollient"
shea butter ethyl esters,,
shea butter fruit,,
sholigopeptide epidermal growth factor,,
shpolypeptide,,
sigesbeckia orientalis st. paul's wort extract,,
silanetriol,,
silica,,
silica dimethyl silylate,,
silica silylate,,
silk powder,,
silybum marianum seed oil,,
simmondsia chinensis,,
simmondsia chinensis jojoba seed oil,,
simmondsia chinensis seed jojoba oil,,
simmondsia chinensis seed oil,,
skin brightening,,
skinidentical ingredient,,
skinrestoring ingredients,,
snail secretion filtrate,,
soapberry extract,,
sodium acetylated hyaluronate,,
sodium acetylated hyaluronate super hyaluronic acid,,
sodium acrylates​c alkyl acrylate crosspolymer,,
sodium acrylate​acryloyldimethyltaurate​dimethylacrylamide crosspolymer,,
sodium acrylate​sodium acryloyldimethyl taurate copolymer,,
sodium anisate,,
sodium ascorbate,,
sodium ascorbyl phosphate,,
sodium benzoate,,
sodium caproyl prolinate,,
sodium carbomer,,
sodium carboxymethyl betaglucan,,
sodium chloride,,
sodium chondroitin sulfate,,
sodium citrate,,
sodium cocoamphoacetate,,
sodium cocoyl glutamate,,
sodium cocoyl glycinate,,
sodium cocoyl isethionate,all,"gentle cleansing, foaming"
sodium dehydroacetate,,
sodium dextran sulfate,,
sodium gluconate,,
sodium glycolate,,
sodium hyaluronate,,
sodium hyaluronate crosspolymer,,
sodium hyaluronate crosspolymer d hyaluronic acid,,
sodium hyaluronate l,,
sodium hydroxide,,
sodium hydroxide^,,
sodium hydroxymethylglycinate,,
sodium isethionate,,
sodium lactate,,
sodium laureth sulfate,,
sodium lauroamphoacetate,,
sodium lauroyl lactylate,,
sodium lauroyl oat amino acids,,
sodium lauroyl sarcosinate,,
sodium lauryl glucose carboxylate,,
sodium lauryl sulfate,"oily, all","cleansing, foaming"
sodium levulinate,,
sodium magnesium fluorosilicate,,
sodium magnesium silicate,,
sodium metabisulfite,,
sodium methyl cocoyl taurate,,
sodium oleate,,
sodium pca,,
sodium phosphate,,
sodium phytate,,
sodium polyacrylate,,
sodium polyacryloyldimethyl taurate,,
sodium polyaspartate,,
sodium propoxyhydroxypropyl thiosulfate silica,,
sodium rna,,
sodium salicylate,,
sodium stearate,,
sodium stearoyl glutamate,,
sodium sulfate,,
sodium sulfite,,
solanum lycopersicum tomato seed oil,,
solvent,,
soothing,,
soothing agent,,
sophora flavescens root extract,,
sorbeth tetraoleate,,
sorbic acid,,
sorbitan distearate,,
sorbitan isostearate,,
sorbitan laurate,,
sorbitan oleate,,
sorbitan olivate,,
sorbitan olivate emulsifier from olive oil,,
sorbitan palmitate,,
sorbitan sesquioleate,,
sorbitan stearate,,
sorbitan trioleate,,
sorbitol,,
soy amino acids,,
soy extract,,
soy isoflavones,,
soy oil,,
soybean peroxidase,,
sphagnum magellanicum extract,,
sphingolipids,,
spilanthes acmella flower extract,,
spinacia oleracea spinach leaf extract,,
spiraea ulmaria flower extract,,
squalane,all,"hydrating, balancing"
squalane olive,,
squalane olivederived,,
squalene,,
starflower seed oil,,
stearalkonium hectorite,,
stearamidopropyl dimethylamine,,
steareth,,
stearic acid,,
stearoxytrimethylsilane,,
stearoyl glutamic acid,,
stearyl alcohol,all,"emollient, thickening"
stearyl dimethicone emollient,,
stearyl glycyrrhetinate,,
stellaria media chickweed extract,,
styrene,,
styrene​acrylates copolymer,,
succinic acid,,
sucrose,,
sucrose cocoate,,
sucrose dilaurate,,
sucrose laurate,,
sucrose palmitate,,
sucrose stearate,,
sulfur,,
sunflower oil,,
sunflower seed oil,,
sunscreen,,
superoxide dismutase,,
surfactantcleansing,,
symphytum officinale comfrey leaf extract,,
synthetic fluorphlogopite,,
synthetic sapphire,,
synthetic wax,,
syringa vulgaris lilac leaf cell culture extract,,
talc,,
tamarind seed extract,,
tamarindus indica seed extract,,
tanacetum annuum blue tansy flower oil,,
tapioca starch,,
tasmannia lanceolata fruit​leaf extract,,
tbutyl alcohol,,
tbutylcyclohexanol,,
teprenone,,
terminalia chebula fruit extract,,
tetradecyl aminobutyroylvalylaminobutyric urea trifluoroacetate,,
tetrahexyldecyl ascorbate,,
tetrahexyldecyl ascorbate vitamin c​antioxidant,,
tetrahydrobisdemethoxydiferuloylmethane,,
tetrahydrobisdemethoxydiferuloylmethane antioxidant,,
tetrahydrodemethoxydiferuloylmethane,,
tetrahydrodemethoxydiferuloylmethane antioxidant,,
tetrahydrodiferuloylmethane,,
tetrahydrodiferuloylmethane antioxidant,,
tetrahydroxypropyl ethylenediamine,,
tetrapeptide,,
tetrasodium edta,,
tetrasodium glutamate diacetate,,
tetrasodium tetracarboxymethyl naringeninchalcone,,
theobroma cacao cocoa extract,,
theobroma cacao cocoa seed butter,,
theobroma grandiflorum seed butter,,
thermus thermophillus ferment,,
thioctic acid,,
thioctic acid alphalipoic acid,,
thioredoxin,,
threonine,,
thymus vulgaris thyme flower​leaf oil,,
tin oxide,,
titanium dioxide,all,"sun protection, soothing"
titanium dioxide .,,
titanium dioxide ci,,
titanium dioxide nano,,
titanium dioxide​ci,,
tocopherol,,
tocopherol acetate,,
tocopherol vitamin e,,
tocopherol vitamin e​antioxidant,,
tocopheryl acetate,,
tocopheryl acetate dalpha,,
tocopheryl acetate vitamin e,,
tocopheryl glucoside,,
tocopheryl lineolate,,
tocopheryl linoleate,,
tocotrienols,,
tocotrienols antioxidant,,
tourmaline,,
tranexamic acid,,
trehalose,,
tremella fuciformis sporocarp extract,,
triacetin,,
tribehenin,,
tribehenin peg esters,,
tridecane,,
tridecapeptide,,
trideceth,,
trideceth phosphate,,
tridecyl neopentanoate,,
tridecyl stearate,,
tridecyl trimellitate,,
triethanolamine,,
triethoxycaprylylsilane,,
triethyl citrate,,
triethylhexanoin,,
trifluoroacetyl tripeptide,,
trifolium pratense clover flower extract,,
trifolium pratense flower extract,,
trihydroxystearin,,
trimethylsiloxysilicate,,
triolein,,
tripeptide,,
tripeptide citrulline,,
trisodium edta,,
trisodium ethylenediamine disuccinate,,
triticum vulgare germ extract,,
tromethamine,,
tropaeolum majus flower​leaf​stem extract,,
tropolone,,
troxerutin,,
tuber melanosporum extract,,
turmeric root extract,,
ubiquinone,,
ulmus davidiana root extract,,
undaria pinnatifida extract,,
undecane,,
undecylenoyl glycine,,
urea,,
urtica dioica nettle extract,,
urtica dioica nettle leaf extract,,
usnea barbata lichen extract,,
vaccinium macrocarpon cranberry seed oil,,
vaccinium macrocarpon fruit extract,,
vaccinium macrocarpon seed oil cranberry seed oil​antioxidant,,
vaccinium myrtillus fruit extract,,
vaccinium myrtillus fruit​leaf extract,,
vaccinium myrtillus leaf extract,,
vaccinium myrtillus seed oil bilberry oil​antioxidant,,
vaccinium vitisidaea lingonberry fruit extract,,
valine,,
vanilla planifolia fruit extract,,
vanilla tahitensis fruit extract,,
verbascum thapsus extract,,
vinegar acetum,,
vinyl dimethicone​methicone silsesquioxane crosspolymer,,
viscosity controlling,,
vitamin a,,
vitamin c,all,"brightening, antioxidant"
vitis vinifera,,
vitis vinifera grape fruit extract,,
vitis vinifera grape fruit water,,
vitis vinifera grape juice,,
vitis vinifera grape juice extract,,
vitis vinifera grape leaf extract,,
vitis vinifera grape seed extract,,
vitis vinifera grape seed oil,,
vitis vinifera seed extract,,
vitis vinifera seed extract grape extract​antioxidant​skinsoothing,,
vitis vinifera seed oil,,
vitis vinifera seed oil grape oil​antioxidant​skinsoothing,,
vp​va copolymer,,
waltheria indica leaf extract,,
water,,
water .,,
water aqua,,
water aqua​eau,,
water\aqua\eau,,
water​ aqua​ eau,,
water​aqua,,
water​aqua​eau,,
water​eau aqua,,
wheat amino acids,,
wheat germ oil,,
whey protein,,
whey protein\lactis protein\protéine du petitlait,,
willow bark,,
xanthan gum,,
xanthophyll,,
xylitol,,
xylitylglucoside,,
yeast extract,,
yeast extract\faex\extrait de levure,,
yeast polysaccharides,,
yellow,,
yellow ci,,
yogurt powder,,
yucca brevifolia root extract,,
zanthoxylum bungeanum fruit extract,,
zanthoxylum piperitum fruit extract,,
zea mays corn oil,,
zea mays oil,,
zerumbone,,
zinc chloride,,
zinc gluconate,,
zinc glycinate,,
zinc glycine,,
zinc oxide,all,"sun protection, soothing"
zinc oxide .,,
zinc oxide nano,,
zinc pca,,
zinc sulfate,,
zingiber officinale ginger root extract,,
​​chamomilla recutita flower extract,,
​​ginkgo biloba leaf extract,,
