Name,Price,Rating,Ingredients
GENTLE TOUCH Makeup Remover,19.20,4.40,"Allantoin, Aloe Barbadensis Leaf Juice Extract, Bisabolol, Green Tea, Glycerin"
Hydrating Gel-to-Cream Cleanser,19.20,4.00,"Sodium Cocoyl Glycinate, Cocamidopropyl Betaine, Decyl Glucoside, Sodium Lauroyl Oat Amino Acids, Glycine Soja Oil"
Oil-Reducing Cleanser,19.20,4.30,"Sunflower Seed Oil, Aloe Barbadensis, Stearic Acid, Glycerin, Cetearyl Alcohol"
Omega+ Complex Cleansing Balm,25.60,4.30,"Caprylic/Capric Triglyceride, Hydrogenated Rapeseed Oil, Jojoba Oil, Limnanthes Alba Seed Oil"
Omegaand Complex Moisturizer,,3.90,"Butyrospermum Parkii Butter, Linum Usitatissimum (Linseed) Seed Oil, Salvia Hispanica (Chia) Seed Oil, Olea Europaea (Olive) Fruit Oil, Passiflora Edulis Seed Oil, Borago Officinalis Seed Oil, Linoleic Acid, Linolenic Acid"
Optimal Results Hydrating Cleanser,20.80,4.10,"Green Tea, Chamomilla Recutita Flower Extract, Camellia Oleifera, Chamomile, Caprylic/Capric Triglyceride, Glycerin, Soapberry Extract, Antioxidant"
Perfect Cleansing Oil,16.00,3.70,"Helianthus Annuus Seed Oil, Limnanthes Alba Seed Oil, Vitis Vinifera, Cocos Nucifera (Coconut) Fruit Extract, Simmondsia Chinensis"
Perfectly Balanced Foaming Cleanser,20.80,4.20,"Sphingolipids, Glycerin, Lecithin, Phytosphingosine, Arginine, Cholesterol, Ceramides, Phospholipid, Sodium Hyaluronate, Sunflower Seed Oil"
Pore Normalizing Cleanser,19.20,4.10,"Sodium Lauroyl Sarcosinate, Glycerin, Panthenol"
Reusable Cotton Rounds,12.00,3.80,
Skin Perfecting 2Pct Bha Liquid Exfoliant,,4.20,"Methylpropanediol, Green Tea, BHA (Beta Hydroxy Acid)"
Softening Cream Cleanser,19.20,4.20,"Oat Beta-Glucan, PEG-7 Glyceryl Cocoate, Disodium Cocoamphodiacetate, Chamomilla Recutita Flower Extract, Glycine Soja Oil, Cocamidopropyl Betaine"
The UnScrub,28.00,3.90,"Jojoba Esters, Caprylic/Capric Triglyceride, Glycerin, Chamomilla Recutita Flower Extract"
Ultra-Gentle Cleanser,19.20,4.10,"Glycerin, Caprylic/Capric Triglyceride, Inulin, Cocamidopropyl Betaine"
